Probability,Class
0.00043410182,A
0.018207096,B
0.00084241084,C
0.0001036052,D
0.00026305814,E
0.000690596,G
0.0079372,H
0.00036444765,I
0.000101544436,J
0.0002801877,K
0.00014468882,L
0.002303326,M
0.96832776,PoseBad
