Probability,Class
0.00014489502,A
0.00078817137,B
9.0580164e-05,C
0.00014631332,D
0.00046551676,E
0.0013161896,G
0.010231686,H
0.0002997331,I
6.516982e-05,J
0.0003844044,K
4.815951e-05,L
0.00021916442,M
0.9857999,PoseBad
