Probability,Class
0.007068676,A
0.20886333,B
0.001037667,C
0.00093929394,D
0.00082138873,E
0.0021636584,G
0.0014870267,H
0.00043939578,I
0.0006956966,J
7.064029e-05,K
0.00034217795,L
0.00078937894,M
0.77528167,PoseBad
