Probability,Class
0.0002847477,A
9.395384e-05,B
0.00091099885,C
0.00064952776,D
0.00013229437,E
0.0036420012,G
0.00012798174,H
0.00013861053,I
0.00039013018,J
8.9534915e-05,K
9.076596e-05,L
5.370182e-05,M
0.99339575,PoseBad
