Probability,Class
0.00023747647,A
0.00043769155,B
0.00011846807,C
7.732644e-06,D
0.00014333612,E
0.0005271289,G
0.00020724071,H
0.00014430926,I
0.00020163266,J
6.138761e-05,K
0.00014559084,L
4.9703154e-05,M
0.99771833,PoseBad
