Probability,Class
0.00015254584,A
0.0004942612,B
0.0012015647,C
0.00065124594,D
0.00047768877,E
0.0059172707,G
0.97919333,H
0.00021073781,I
0.0014220388,J
0.0018243293,K
0.0004935119,L
0.0012302912,M
0.0067312703,PoseBad
