Probability,Class
0.9973386,A
0.00011124078,B
6.336259e-05,C
0.00025948577,D
5.7671892e-05,E
0.00013211214,G
4.0361305e-05,H
3.492647e-05,I
0.0002855046,J
0.00021376579,K
7.16648e-05,L
2.4822639e-05,M
0.0013664997,PoseBad
