Probability,Class
0.00018702763,A
0.0014607704,B
7.364156e-05,C
0.000112393674,D
0.0024987557,E
0.00083592214,G
0.00053839304,H
0.0025172518,I
7.95157e-05,J
3.2956756e-05,K
0.00013342829,L
1.8457204e-05,M
0.9915114,PoseBad
