Probability,Class
0.0005826958,A
0.006178742,B
7.1269715e-05,C
0.0010142731,D
7.0430055e-05,E
0.0002672009,G
0.0003423802,H
0.0001410438,I
0.00040391658,J
0.00015886742,K
4.417222e-05,L
0.0054698745,M
0.9852551,PoseBad
