Probability,Class
2.178867e-05,A
0.00082394556,B
0.00028219758,C
0.00038260993,D
0.0021800061,E
0.0004976912,G
0.000112420355,H
0.008877447,I
0.00042735194,J
0.00034615063,K
0.0023107706,L
0.0005585221,M
0.9831791,PoseBad
