Probability,Class
0.00646437,A
0.00460381,B
0.00043140352,C
0.0009705441,D
0.0010607477,E
0.034967218,G
0.00023200212,H
0.00086761214,I
0.00033385053,J
0.002853819,K
5.6970657e-05,L
0.00012032898,M
0.9470373,PoseBad
