Probability,Class
3.0152969e-05,A
0.00036310081,B
0.00039837637,C
0.00022918015,D
0.0028122338,E
0.00052173994,G
0.00040075186,H
0.00011126811,I
1.8657943e-06,J
0.004161578,K
0.00016207364,L
2.494739e-05,M
0.9907828,PoseBad
