Probability,Class
8.977278e-06,A
0.0002935464,B
8.399312e-05,C
4.410385e-05,D
0.00045423213,E
2.368096e-05,G
0.000111167385,H
0.00017590384,I
0.00016476499,J
0.00035922113,K
0.0002442071,L
7.7383775e-05,M
0.9979589,PoseBad
