Probability,Class
0.03962779,A
0.032908145,B
0.00015823479,C
0.00034952487,D
0.00038626092,E
0.0017848971,G
0.0017190161,H
0.0012177664,I
0.003313438,J
0.0010384315,K
0.00028063293,L
0.0005484035,M
0.91666746,PoseBad
