Probability,Class
2.3538596e-05,A
0.00031252598,B
6.656906e-05,C
5.817281e-05,D
0.00021921634,E
4.3343596e-05,G
0.00032089956,H
0.00018122201,I
3.1698302e-05,J
6.954801e-05,K
0.9984189,L
0.00017532457,M
7.9045705e-05,PoseBad
