Probability,Class
0.0065559847,A
0.0006598849,B
0.00014549332,C
0.00049000594,D
0.00036563136,E
0.00031279447,G
0.00030215277,H
0.00022221736,I
0.00289369,J
0.00023408665,K
3.4912933e-05,L
9.766255e-05,M
0.98768556,PoseBad
