Probability,Class
0.0053660576,A
0.0034107894,B
0.000105880565,C
0.00011217098,D
0.00021573181,E
0.00093717355,G
0.00012808079,H
0.00041931868,I
0.0010973117,J
0.00017487362,K
9.32864e-05,L
0.00036001092,M
0.9875793,PoseBad
