Probability,Class
0.016564911,A
0.005219492,B
0.0011829555,C
0.0007372367,D
0.002042109,E
0.0035213078,G
0.0012323865,H
0.00054914935,I
0.024346408,J
0.00278994,K
0.0011664573,L
0.00038202826,M
0.94026554,PoseBad
