Probability,Class
3.7499312e-06,A
0.00012542491,B
1.9901581e-05,C
3.4082823e-05,D
1.671471e-05,E
1.6655453e-05,G
0.00019051798,H
7.884868e-06,I
1.9367935e-06,J
0.00017321963,K
1.4906505e-05,L
9.571777e-06,M
0.9993855,PoseBad
