Probability,Class
0.007035266,A
0.0033666426,B
0.0011680187,C
0.0018823722,D
0.010215739,E
0.090701796,G
0.008386045,H
0.0014634368,I
0.0005460779,J
0.006831314,K
0.00095047714,L
0.0010878019,M
0.86636496,PoseBad
