Probability,Class
0.00022073496,A
0.00051113305,B
3.2277996e-05,C
6.97115e-05,D
3.0646115e-05,E
0.0004840317,G
0.00013807221,H
0.00011684737,I
6.527097e-05,J
6.13257e-05,K
8.811497e-06,L
0.0005323765,M
0.99772877,PoseBad
