Probability,Class
0.0009768602,A
0.0020234769,B
0.00037294943,C
0.00027351297,D
0.0011517523,E
0.0021619115,G
0.0026672846,H
0.0018010224,I
0.0018946917,J
0.0015505676,K
0.00034286847,L
0.0003534616,M
0.98442984,PoseBad
