Probability,Class
0.0005632452,A
0.0003697447,B
0.00021515433,C
0.000158772,D
0.00028738545,E
0.000112574075,G
0.00034816965,H
0.00028707975,I
0.00039505537,J
1.8823028e-05,K
0.00022583941,L
0.000100720186,M
0.9969175,PoseBad
