Probability,Class
1.2662649e-05,A
2.0762494e-05,B
6.2944375e-05,C
0.00023794842,D
0.00040739964,E
0.0003525429,G
5.3203003e-05,H
2.941408e-06,I
7.3440906e-06,J
0.00026651067,K
6.363568e-06,L
2.962207e-05,M
0.9985397,PoseBad
