Probability,Class
0.00029009613,A
0.0004399946,B
7.9218065e-05,C
0.00013930663,D
0.007247654,E
4.475795e-05,G
0.0006278183,H
0.00033097994,I
1.8304081e-05,J
0.00024695598,K
6.766162e-05,L
0.0010370923,M
0.9894302,PoseBad
