Probability,Class
0.00080418587,A
0.00076206634,B
0.00014855032,C
0.0004352573,D
0.0001899051,E
0.00016766258,G
0.0002897889,H
4.852063e-05,I
0.0026873231,J
0.00011524688,K
0.00014448457,L
0.00012715976,M
0.9940798,PoseBad
