Probability,Class
0.0023931614,A
0.0039450955,B
0.00015315857,C
0.00024397281,D
0.0065924604,E
0.0017336904,G
0.00042583083,H
0.004596331,I
0.014652092,J
0.0010651392,K
0.00068282115,L
0.00011183917,M
0.9634044,PoseBad
