Probability,Class
0.108336516,A
0.013248885,B
0.0002216292,C
0.00034446362,D
0.00076164736,E
0.0022254726,G
0.0012838694,H
0.00044311155,I
0.00097509415,J
0.00032988974,K
0.00020164948,L
0.0008839739,M
0.87074375,PoseBad
