Probability,Class
0.0008025646,A
0.012883316,B
0.0012844775,C
0.0014946155,D
0.00045949168,E
0.00062602106,G
0.0075007346,H
0.0061193733,I
0.0005525813,J
0.0034862019,K
0.0010623836,L
0.00030572657,M
0.9634226,PoseBad
