Probability,Class
0.023483433,A
0.012961667,B
0.0005835438,C
0.0016988255,D
0.005227616,E
0.0015404181,G
0.0007180638,H
0.00059747667,I
0.0067773648,J
0.006760765,K
0.0026385111,L
0.00042871534,M
0.9365836,PoseBad
