Probability,Class
0.0018690878,A
0.0016507893,B
0.00030932424,C
0.00038961374,D
0.00046051064,E
0.0005685907,G
0.00019831292,H
0.0002435186,I
0.00025690658,J
0.0006829218,K
0.00080338,L
0.00047315977,M
0.992094,PoseBad
