Probability,Class
0.00046552968,A
0.008923456,B
1.4455695e-05,C
3.0942392e-05,D
5.6975692e-05,E
9.187867e-05,G
0.00021425722,H
1.555985e-05,I
0.00013100504,J
0.00023895146,K
8.559919e-05,L
2.1270067e-05,M
0.98971015,PoseBad
