Probability,Class
0.00017794629,A
0.0012743843,B
0.00023876221,C
3.8488906e-05,D
0.000922705,E
0.0015980824,G
0.0031296082,H
0.0005019651,I
0.0017265117,J
0.00030829426,K
0.0007972935,L
0.000114307375,M
0.98917156,PoseBad
