Probability,Class
3.7313926e-05,A
0.00019539452,B
2.7253385e-05,C
1.2506375e-05,D
0.00022460255,E
0.00020088519,G
1.6480652e-05,H
5.5994067e-05,I
0.0001461624,J
0.00021593309,K
0.00022917644,L
1.5266725e-05,M
0.99862313,PoseBad
