Probability,Class
0.03311409,A
0.019578632,B
0.00017899813,C
0.00019858347,D
0.00076026627,E
0.0013340485,G
0.0014699628,H
0.00055762986,I
0.0010560497,J
0.0028748694,K
0.00041584903,L
0.0010039664,M
0.9374571,PoseBad
