Probability,Class
0.0028187977,A
0.13302678,B
0.0010957813,C
0.00090970175,D
0.0017894913,E
0.007934197,G
0.0015035595,H
0.0006261567,I
0.0035420058,J
0.0015179288,K
0.0003850979,L
0.008119705,M
0.8367309,PoseBad
