Probability,Class
0.016123705,A
0.005668577,B
0.00058080995,C
0.00048744163,D
0.0019398199,E
0.0034761813,G
0.0033863196,H
0.00082779303,I
0.010479115,J
0.00044155045,K
0.00037923333,L
0.0014717189,M
0.9547378,PoseBad
