Probability,Class
0.004928547,A
0.0040853187,B
0.00055640977,C
0.0010015009,D
0.00041167514,E
0.0013474791,G
0.008118256,H
0.00461157,I
0.02915865,J
0.0007822506,K
0.00032725232,L
0.0017874136,M
0.9428836,PoseBad
