Probability,Class
0.00016073529,A
8.2855986e-05,B
0.00013208957,C
0.00071652245,D
9.7190845e-05,E
0.0004484672,G
0.9956677,H
0.00015682643,I
0.00074977777,J
0.00034158787,K
0.00021840991,L
0.0004167409,M
0.00081105495,PoseBad
