Probability,Class
0.0009354667,A
0.003210994,B
0.00018156931,C
0.0005067905,D
0.00014971064,E
0.000345636,G
0.00032718494,H
5.2524967e-05,I
6.05851e-05,J
0.001059727,K
0.0001611099,L
0.001544235,M
0.99146444,PoseBad
