Probability,Class
0.002347305,A
0.00095004943,B
0.0002878976,C
0.00070946076,D
0.0024192103,E
0.003438337,G
0.00013067517,H
0.0011760631,I
0.00010381377,J
0.0040809014,K
0.00011620694,L
0.00028444175,M
0.98395556,PoseBad
