Probability,Class
0.00081721775,A
0.0008243125,B
0.02047257,C
0.0039665685,D
0.008646794,E
0.4017143,G
0.0020129436,H
0.001076734,I
0.00013541593,J
0.008898005,K
0.00044526078,L
0.00368474,M
0.5473053,PoseBad
