Probability,Class
0.0005477557,A
1.3621745e-05,B
0.00030792324,C
0.0014532661,D
0.011167051,E
0.00022889787,G
0.00012163237,H
4.5965367e-05,I
7.8508856e-05,J
0.00020040426,K
0.000107276646,L
0.0001124477,M
0.98561525,PoseBad
