Probability,Class
3.962805e-05,A
9.95195e-05,B
0.00020378502,C
0.00065408734,D
8.384339e-05,E
0.001086113,G
0.004360797,H
0.0004901793,I
0.002921567,J
0.00023518923,K
4.702726e-05,L
0.00015192172,M
0.9896263,PoseBad
