Probability,Class
0.003924633,A
0.0006718297,B
0.00024749766,C
0.0003573194,D
0.0005104759,E
0.00016684072,G
0.0005599537,H
0.00019571972,I
0.0016363058,J
0.00014855163,K
0.00012875532,L
0.000118480304,M
0.99133366,PoseBad
