Probability,Class
0.0002641771,A
0.0004920209,B
0.00034148674,C
0.017115572,D
0.016344823,E
0.000113630806,G
0.03969931,H
0.002716423,I
0.00025332093,J
0.0013344969,K
0.006728641,L
0.00025983996,M
0.91433626,PoseBad
