Probability,Class
0.0036284048,A
0.0026862605,B
0.0011529352,C
0.00017134212,D
0.00039257802,E
0.008292944,G
0.0011930172,H
0.001804134,I
0.0027239947,J
0.0016018878,K
0.00020173217,L
0.00021701006,M
0.97593373,PoseBad
