Probability,Class
0.001959119,A
0.0044276784,B
0.0003878116,C
0.0013927752,D
0.0058786687,E
0.045770284,G
0.00534284,H
0.00074861513,I
0.00026120775,J
0.00088965846,K
0.0047064186,L
0.0042975657,M
0.9239373,PoseBad
