Probability,Class
0.000671982,A
0.13870123,B
0.007180016,C
0.008608167,D
0.00010768088,E
0.0076684225,G
0.0089677395,H
0.0035507204,I
0.0064517283,J
0.008765706,K
0.003264061,L
0.043676607,M
0.76238585,PoseBad
