Probability,Class
0.0005668237,A
0.00277596,B
0.0009933012,C
0.00080354296,D
0.0047045886,E
0.01951748,G
0.013680327,H
0.00047422308,I
0.0007838043,J
0.00030523769,K
0.0002435155,L
0.0020669603,M
0.9530841,PoseBad
