Probability,Class
0.0007230639,A
8.588058e-06,B
0.00017111289,C
0.0019870184,D
0.014845139,E
8.682238e-05,G
0.00013715964,H
3.35524e-05,I
5.2792428e-05,J
0.0001349558,K
0.00013469478,L
8.252059e-05,M
0.9816026,PoseBad
