Probability,Class
0.00040336695,A
0.0016758309,B
0.00034098775,C
9.998797e-05,D
3.7509042e-05,E
0.0021883685,G
9.938457e-05,H
0.00065144186,I
0.00033892205,J
0.0006278864,K
0.00042546162,L
0.0005730137,M
0.9925378,PoseBad
