Probability,Class
0.001068318,A
0.03660387,B
0.00079189136,C
0.009160398,D
0.0037254,E
0.004238295,G
0.0019677007,H
0.001867572,I
0.0015636354,J
0.0027206591,K
0.00028238315,L
0.014538903,M
0.92147094,PoseBad
