Probability,Class
0.9973013,A
0.00011452143,B
6.659177e-05,C
0.00027170283,D
5.8405698e-05,E
0.00012931958,G
3.7130198e-05,H
2.835937e-05,I
0.00028817548,J
0.00019553024,K
5.8002548e-05,L
2.3693357e-05,M
0.0014272913,PoseBad
