Probability,Class
0.0013574567,A
0.00041459734,B
0.00014286158,C
0.00019764031,D
0.0005417026,E
0.00080462714,G
0.00019736776,H
5.2692143e-05,I
8.736318e-05,J
0.00035919473,K
9.383076e-05,L
0.00013047067,M
0.9956203,PoseBad
