Probability,Class
4.1367493e-05,A
0.0009429355,B
0.00024228843,C
0.00015072248,D
0.0005496678,E
0.0004302741,G
0.00024288298,H
0.0011003272,I
0.00017282528,J
0.00012709876,K
0.9955254,L
0.00022978906,M
0.00024434924,PoseBad
