Probability,Class
0.00061575056,A
0.01632403,B
0.0005905959,C
0.016341936,D
0.0006762748,E
0.0025037616,G
0.00025884996,H
0.00049169833,I
7.575902e-05,J
0.0098098,K
0.00018348175,L
0.010194078,M
0.941934,PoseBad
