Probability,Class
0.000411396,A
0.0032681916,B
0.00019981666,C
0.0023055293,D
0.00028933882,E
0.00046663065,G
0.0036175256,H
0.0015841055,I
0.0007764128,J
0.00033699788,K
0.00014975798,L
0.00055971334,M
0.9860345,PoseBad
