Probability,Class
0.000171039,A
8.5104446e-05,B
0.00010141625,C
0.00054601365,D
6.109294e-05,E
0.00042328663,G
0.99596304,H
0.00013129645,I
0.000773218,J
0.00023181844,K
0.00023153011,L
0.00040115227,M
0.000880017,PoseBad
