Probability,Class
0.0006059682,A
0.0008273027,B
0.0006018586,C
0.0002232974,D
6.0333983e-05,E
0.0009870476,G
0.0005245833,H
1.2348923e-05,I
0.00015671997,J
0.00033530485,K
1.4516519e-05,L
5.170013e-05,M
0.99559915,PoseBad
