Probability,Class
0.00017249696,A
0.0040645297,B
4.7287565e-05,C
4.8519607e-05,D
0.0011196004,E
0.0014854016,G
0.0009297441,H
0.00017361344,I
7.1992035e-05,J
8.704053e-05,K
0.00049254263,L
0.00026900446,M
0.9910383,PoseBad
