Probability,Class
0.002986194,A
0.0042357077,B
2.1401584e-05,C
7.398754e-05,D
3.9641218e-05,E
0.00061978796,G
0.00022910339,H
0.00019125918,I
0.0007974455,J
0.000111674504,K
4.1146937e-05,L
0.0006144365,M
0.9900383,PoseBad
