Probability,Class
0.00041599074,A
0.00014255266,B
0.00046817862,C
0.0015300701,D
0.0063673416,E
0.011096541,G
0.00069242815,H
0.0045560314,I
0.00060486334,J
0.0017292587,K
0.0008992567,L
0.00018083942,M
0.97131675,PoseBad
