Probability,Class
3.289311e-05,A
0.00022613497,B
6.6688604e-05,C
3.5810877e-05,D
0.00034554544,E
0.00025751544,G
3.7592883e-05,H
0.0009896527,I
6.7453344e-05,J
0.00044919454,K
7.62749e-05,L
4.3822878e-05,M
0.99737144,PoseBad
