Probability,Class
0.00040109764,A
0.020528018,B
0.001208985,C
0.00064034184,D
0.008781551,E
0.0063122762,G
0.0031649515,H
0.012455334,I
0.000945254,J
0.0020838848,K
0.9288171,L
0.0020365932,M
0.012624558,PoseBad
