Probability,Class
0.004366807,A
0.0033751908,B
8.081884e-05,C
4.323879e-05,D
0.0002749205,E
0.0002684339,G
0.00024957708,H
8.207026e-05,I
0.00026535286,J
0.0001967136,K
8.78211e-05,L
6.138296e-05,M
0.99064773,PoseBad
