Probability,Class
0.00019154328,A
0.0012406738,B
0.0001938882,C
0.00031549533,D
3.6978035e-05,E
0.00019446114,G
7.9382684e-05,H
3.3746874e-05,I
8.932728e-05,J
0.00016498684,K
0.00019891534,L
0.9904051,M
0.0068555805,PoseBad
