Probability,Class
0.0028136184,A
0.029990157,B
0.0008306038,C
0.00043684238,D
0.0003241659,E
0.0015098337,G
0.0001965367,H
0.00010848696,I
0.0021873803,J
0.00022550263,K
0.0010071858,L
0.0003385885,M
0.96003103,PoseBad
