Probability,Class
0.012687646,A
0.27468953,B
0.0005818579,C
0.00076267275,D
0.00069964066,E
0.00079190545,G
0.00103251,H
0.0015847068,I
0.0004979639,J
0.00033607244,K
7.72821e-05,L
0.001115384,M
0.70514286,PoseBad
