Probability,Class
0.0015772728,A
0.00022539748,B
0.0015352175,C
0.0043113683,D
0.0028316146,E
0.00038128838,G
0.0031252035,H
0.0004016413,I
0.00041337733,J
0.0005860346,K
0.0008872422,L
0.00013552647,M
0.9835888,PoseBad
