Probability,Class
0.008123884,A
0.002014379,B
0.0002555873,C
0.0011366213,D
0.00041306092,E
0.0005385265,G
0.0006714584,H
0.0001878505,I
0.00045740276,J
0.0003336241,K
7.8472134e-05,L
0.00016025713,M
0.98562884,PoseBad
