Probability,Class
0.00550467,A
0.0034974464,B
0.0010441501,C
0.00042457966,D
0.011431723,E
0.034085006,G
0.0016775052,H
0.0029262376,I
0.0018534763,J
0.0031257793,K
0.0015250432,L
0.00025561365,M
0.9326489,PoseBad
