Probability,Class
0.01290548,A
0.004325068,B
0.00038753546,C
0.0025057727,D
0.021640578,E
0.0012573758,G
0.00092340435,H
0.0015375651,I
3.7849935e-05,J
0.005898383,K
0.00017835607,L
0.0010439192,M
0.94735867,PoseBad
