Probability,Class
8.528874e-05,A
0.00012437577,B
0.0008645992,C
0.00026526867,D
0.00037380206,E
0.0023472386,G
0.9915535,H
0.00013365899,I
0.00082877814,J
0.0002717176,K
0.0009120899,L
0.000622039,M
0.0016176102,PoseBad
