Probability,Class
0.000439784,A
0.007987174,B
3.4194956e-05,C
5.5570206e-05,D
0.0022384129,E
2.4107965e-05,G
2.69844e-05,H
7.9996986e-05,I
0.0001605109,J
5.0396768e-05,K
0.00010043587,L
0.00015051609,M
0.98865193,PoseBad
