Probability,Class
0.002245636,A
0.0004096051,B
0.0034782966,C
0.0012235042,D
0.006959058,E
0.0020198498,G
0.012787355,H
0.00058605784,I
0.00041963847,J
0.005597563,K
0.00078602944,L
0.0003284368,M
0.96315897,PoseBad
