Probability,Class
0.000422174,A
0.00080413726,B
0.0006157728,C
0.00036595133,D
0.00026976573,E
0.0013662213,G
0.0021255144,H
0.003886118,I
0.98469734,J
0.00011515274,K
0.0029751067,L
0.00032494683,M
0.0020317489,PoseBad
