Probability,Class
0.00041199866,A
0.0006286226,B
0.0011604598,C
0.00018380229,D
0.00615394,E
0.00069082546,G
0.0005109287,H
0.00039707162,I
0.00017801278,J
0.00026207665,K
0.0019935877,L
0.00032396204,M
0.98710465,PoseBad
