Probability,Class
0.00023298315,A
4.0327715e-05,B
4.7054666e-05,C
0.00013634092,D
0.00026193727,E
8.9211244e-05,G
2.7532813e-05,H
1.769032e-05,I
0.00013945361,J
5.1376537e-05,K
7.813993e-06,L
1.14155755e-05,M
0.9989367,PoseBad
