Probability,Class
0.0007265713,A
0.027072055,B
0.0008053675,C
0.00016686217,D
0.00021021321,E
0.001987152,G
0.00094312744,H
0.0008970769,I
0.001575055,J
0.00055274315,K
0.00013109995,L
0.00073050417,M
0.96420217,PoseBad
