Probability,Class
0.0001320538,A
0.0009847075,B
0.00029616826,C
0.00046100692,D
0.004752949,E
0.0008038555,G
0.00027257745,H
0.0019109837,I
9.415803e-05,J
0.0024693015,K
0.00033200634,L
0.00038178725,M
0.9871085,PoseBad
