Probability,Class
0.00035834417,A
0.0005082709,B
0.0005536789,C
0.00018952294,D
0.0002949948,E
0.00072542106,G
0.0019307828,H
0.0015707127,I
0.00015726963,J
0.00013560361,K
6.8337395e-05,L
0.0001734408,M
0.99333376,PoseBad
