Probability,Class
0.007847021,A
0.00032365674,B
0.00024623986,C
6.7846275e-05,D
0.000506042,E
0.0007628752,G
0.0001877318,H
0.0012851169,I
0.0009188566,J
0.00044999595,K
9.9733945e-05,L
0.00013025671,M
0.98717463,PoseBad
