Probability,Class
0.00053886574,A
0.005178094,B
0.001041193,C
0.011645285,D
0.0010583422,E
0.0016223101,G
0.0043414026,H
0.0016321494,I
0.00013362446,J
0.00010729607,K
0.0013524699,L
0.004348343,M
0.96700054,PoseBad
