Probability,Class
0.000854391,A
0.03033247,B
0.00033670338,C
0.000118630174,D
0.00020816809,E
0.0006296956,G
0.00016624566,H
1.6675322e-05,I
0.00036029192,J
6.0983464e-05,K
0.00012631947,L
0.00020297544,M
0.9665864,PoseBad
