Probability,Class
0.0007015592,A
0.0003900448,B
0.00014695835,C
4.734764e-05,D
0.00015557032,E
0.0037532249,G
0.00013298009,H
0.0007884112,I
8.463134e-05,J
0.00040563464,K
0.00022051658,L
8.440734e-05,M
0.9930888,PoseBad
