Probability,Class
0.0006070282,A
0.000992878,B
0.00041597497,C
0.0010737773,D
0.00047277976,E
0.0032587163,G
0.9802991,H
0.0006566279,I
0.0016315249,J
0.0015179962,K
0.00031871075,L
0.0023434223,M
0.006411404,PoseBad
