Probability,Class
2.970471e-05,A
0.015682414,B
0.0008463311,C
0.00018074324,D
0.0024534226,E
0.005083314,G
0.00040006667,H
0.00018759548,I
2.9568057e-05,J
0.007659634,K
0.0005728896,L
0.0006672781,M
0.96620697,PoseBad
