Probability,Class
0.00013300087,A
0.00015142719,B
0.0016247099,C
0.00013988146,D
0.989516,E
0.0023187336,G
0.00038689884,H
0.00028462705,I
0.00038249657,J
0.00042967775,K
0.0017184824,L
0.00018988062,M
0.0027242133,PoseBad
