Probability,Class
0.0021280125,A
0.014714855,B
0.0012690902,C
5.4546905e-05,D
0.0019520673,E
0.0016249645,G
0.00020526114,H
0.007964287,I
0.0018718903,J
0.00062241167,K
0.0016552042,L
0.0012020766,M
0.9647353,PoseBad
