Probability,Class
0.00018901528,A
0.0018678621,B
0.00060494663,C
0.00018413558,D
0.004842925,E
0.07884756,G
0.002788469,H
0.00076555094,I
0.0006323492,J
0.001970285,K
0.0012193902,L
0.00036808595,M
0.90571946,PoseBad
