Probability,Class
5.9097347e-05,A
0.0003852145,B
9.986435e-05,C
5.472449e-05,D
0.00018513286,E
0.000277474,G
0.0015900976,H
0.00071230065,I
7.428681e-05,J
9.4690164e-05,K
8.693688e-06,L
0.00038479996,M
0.9960736,PoseBad
