Probability,Class
0.00019078085,A
0.00013710301,B
0.0012462531,C
0.00042581288,D
0.00043418084,E
0.006145328,G
0.98509306,H
0.00019463293,I
0.0018406004,J
0.0005708944,K
0.0011248667,L
0.0006825596,M
0.0019140028,PoseBad
