Probability,Class
0.00047080894,A
6.0426664e-05,B
0.0001728896,C
0.0009081292,D
0.004985155,E
0.00050209323,G
0.00048466198,H
0.00013696417,I
0.00027011635,J
0.0005192231,K
0.00039001013,L
3.5595407e-05,M
0.99106395,PoseBad
