Probability,Class
0.0028819279,A
0.0035874825,B
0.00047524765,C
0.0006415424,D
0.0011408946,E
0.003043307,G
0.002413456,H
0.00057740445,I
0.00053548306,J
0.00041423584,K
0.00052970584,L
0.00081766164,M
0.9829417,PoseBad
