Probability,Class
0.0005510809,A
0.00039654807,B
0.0005817439,C
0.0018980262,D
0.9501393,E
0.0029620763,G
0.0048644156,H
0.00021807014,I
0.0021101723,J
0.0007175143,K
0.0026885536,L
0.0001598161,M
0.03271267,PoseBad
