Probability,Class
0.0025798297,A
0.00010447911,B
6.5186514e-06,C
2.485661e-05,D
0.00016652685,E
0.00038445654,G
0.00018304664,H
0.0002799352,I
0.00022731996,J
0.0002328721,K
1.27132635e-05,L
2.3021723e-06,M
0.99579513,PoseBad
