Probability,Class
0.015955929,A
0.0025447905,B
4.573172e-05,C
0.00015015202,D
0.00018974353,E
0.0005961243,G
0.0010768562,H
0.00016059737,I
0.0011427503,J
0.00016084537,K
0.00021460034,L
0.00019028262,M
0.97757155,PoseBad
