Probability,Class
0.0013475808,A
0.00040618004,B
0.00014136586,C
0.0005790961,D
0.00010277643,E
0.00034706653,G
0.00020117775,H
1.7921699e-05,I
0.00010359398,J
6.687848e-05,K
7.131775e-05,L
4.0146584e-05,M
0.9965749,PoseBad
