Probability,Class
0.0017664827,A
0.006379088,B
0.00068060117,C
0.00040894997,D
5.4880336e-05,E
0.0010330067,G
0.00019005801,H
0.0006452233,I
0.0014781405,J
0.0006886488,K
3.7695223e-05,L
0.00031682692,M
0.9863203,PoseBad
