Probability,Class
7.381995e-05,A
0.00040742673,B
3.504089e-05,C
4.482822e-06,D
0.00048543426,E
0.00027382147,G
3.5079578e-05,H
0.00015702906,I
7.827222e-06,J
0.00020796385,K
0.00017292597,L
0.0004224661,M
0.9977169,PoseBad
