Probability,Class
0.0022546458,A
0.0018482496,B
0.00022299854,C
0.00053476024,D
0.00073138176,E
0.00019065748,G
0.000116009855,H
0.00031585072,I
0.0017100835,J
0.0002428928,K
7.047132e-05,L
0.00069025485,M
0.99107164,PoseBad
