Probability,Class
0.0008522642,A
0.0010669545,B
0.0029455107,C
0.0012333869,D
0.00043599377,E
0.14785534,G
0.046199795,H
0.00042360375,I
6.167693e-05,J
0.013874751,K
0.0003919553,L
0.0057516233,M
0.77890706,PoseBad
