Probability,Class
0.0027189497,A
0.0046689813,B
0.0010786486,C
0.012101099,D
0.00025497205,E
0.0017734327,G
0.001039553,H
0.00021827308,I
0.0016303231,J
0.00043557677,K
0.001569072,L
0.0055628517,M
0.9669484,PoseBad
