Probability,Class
0.002334129,A
0.026559422,B
0.0003377269,C
0.00027949255,D
0.00078665704,E
0.0010165343,G
0.0006429561,H
0.0003969756,I
0.00048525332,J
0.00064205815,K
0.00025737824,L
0.0002558919,M
0.96600556,PoseBad
