Probability,Class
0.016883872,A
0.0035843223,B
0.008136548,C
0.00082585536,D
0.0015847995,E
0.017593995,G
0.062854275,H
0.0011185039,I
0.051767655,J
0.003535277,K
0.0016847241,L
0.0008729629,M
0.8295572,PoseBad
