Probability,Class
0.002346489,A
0.019729575,B
0.0012982206,C
0.010313442,D
0.00039495702,E
0.0020025005,G
0.03246897,H
0.0011650716,I
0.001105687,J
0.0002726221,K
0.0018505218,L
0.00409906,M
0.9229529,PoseBad
