Probability,Class
8.224223e-05,A
4.376988e-05,B
4.505222e-05,C
0.00011384594,D
0.00022046576,E
0.00048224858,G
1.9157933e-05,H
0.00015739429,I
3.929264e-06,J
0.00027864514,K
2.0716789e-06,L
2.133542e-05,M
0.9985298,PoseBad
