Probability,Class
0.00046464248,A
0.0010055823,B
0.0004903156,C
0.00029575202,D
0.00075309817,E
0.0004577339,G
0.00020748514,H
5.0597737e-05,I
0.0011255626,J
0.00059935526,K
0.00029063583,L
9.880524e-05,M
0.99416035,PoseBad
