Probability,Class
0.00078436005,A
0.002221565,B
0.0006890996,C
8.0705984e-05,D
0.0010697185,E
0.0017516802,G
0.00065203704,H
0.0028136643,I
0.00057740515,J
0.00026633014,K
0.0002825245,L
0.0003198892,M
0.98849106,PoseBad
