Probability,Class
0.0001602392,A
9.968978e-05,B
7.717886e-05,C
0.000266788,D
5.39879e-05,E
0.0005169841,G
0.99571687,H
0.000104700106,I
0.0008332118,J
0.00022907786,K
0.00018149622,L
0.00042779834,M
0.0013319735,PoseBad
