Probability,Class
0.00043122697,A
0.0005938593,B
0.00038358144,C
0.9946339,D
0.00055885763,E
5.646154e-05,G
0.00033487147,H
0.00022973331,I
0.00097424217,J
0.0010275393,K
0.0002340007,L
0.00016208692,M
0.00037956607,PoseBad
