Probability,Class
0.99932027,A
0.00013110598,B
3.505265e-05,C
9.105042e-05,D
1.5031208e-05,E
3.2686814e-05,G
1.9288715e-05,H
1.87993e-05,I
5.925018e-05,J
0.00012313073,K
1.4113432e-05,L
1.3660044e-05,M
0.00012661707,PoseBad
