Probability,Class
7.444244e-05,A
0.0010427657,B
2.2695825e-05,C
7.016996e-05,D
0.00023807272,E
1.5815556e-05,G
3.3979126e-05,H
3.1161944e-05,I
0.0005980141,J
2.8201834e-05,K
0.00032181485,L
0.00014659572,M
0.9973763,PoseBad
