Probability,Class
0.00015172958,A
0.0052395375,B
9.368673e-05,C
0.00013332645,D
6.307417e-05,E
0.00041498465,G
0.0009674205,H
0.0008760076,I
0.00073353614,J
0.0011369474,K
0.00010558162,L
0.001997862,M
0.98808634,PoseBad
