Probability,Class
0.00021968479,A
0.0014633822,B
0.00013532734,C
0.00026967603,D
0.00024488545,E
9.9090255e-05,G
0.00047888048,H
0.00010999759,I
4.7725604e-05,J
0.00010301114,K
1.9177507e-05,L
0.00043300953,M
0.9963761,PoseBad
