Probability,Class
0.63084716,A
0.001695023,B
0.000627341,C
0.0013921136,D
0.0002208016,E
0.0025307,G
0.001613296,H
0.00030525663,I
0.0025119092,J
0.00043080733,K
0.0003427474,L
0.00011039691,M
0.35737246,PoseBad
