Probability,Class
0.00023899686,A
0.0067669293,B
0.00047335686,C
0.00056395883,D
0.00021727089,E
0.018999003,G
0.0003830905,H
0.0005258853,I
8.5391286e-05,J
0.00047441843,K
6.542274e-06,L
0.001686505,M
0.9695786,PoseBad
