Probability,Class
0.00016467173,A
1.4921546e-05,B
0.00010123444,C
2.7207696e-05,D
6.19107e-05,E
7.62383e-05,G
4.3382803e-05,H
0.00023679103,I
6.907513e-05,J
6.548559e-05,K
6.6100897e-06,L
1.9881842e-05,M
0.9991124,PoseBad
