Probability,Class
0.00039778225,A
0.0009937413,B
0.00026447393,C
0.007964462,D
0.0038162703,E
0.000238439,G
0.008114428,H
0.0031997166,I
0.00033726275,J
0.0009587069,K
0.0076108696,L
0.00026324368,M
0.96584064,PoseBad
