Probability,Class
0.9976472,A
9.159622e-05,B
9.16268e-05,C
0.00046504382,D
4.246762e-05,E
0.00023045941,G
2.5998414e-05,H
4.0212522e-05,I
0.00025519263,J
0.00014600773,K
4.5540906e-05,L
1.9498651e-05,M
0.00089906016,PoseBad
