Probability,Class
0.00015415203,A
0.004394781,B
0.00012246337,C
0.00013089452,D
0.00010651885,E
0.00020667085,G
0.0001572527,H
0.0002904457,I
6.893692e-05,J
0.0001289146,K
0.00023120931,L
2.5755002e-05,M
0.9939819,PoseBad
