Probability,Class
0.00011241502,A
0.00010981868,B
8.6671556e-05,C
0.99814796,D
0.00013047634,E
1.4702701e-05,G
0.00011367181,H
0.00018067418,I
0.00021377121,J
0.0006761743,K
8.223839e-05,L
5.66781e-05,M
7.492776e-05,PoseBad
