Probability,Class
0.000940649,A
0.112075634,B
0.07312958,C
0.103861354,D
0.068170674,E
0.0056983484,G
0.01704103,H
0.035054065,I
0.00088838645,J
0.08492763,K
0.014396124,L
0.022541441,M
0.46127516,PoseBad
