Probability,Class
4.552215e-05,A
0.00014164732,B
0.0019684222,C
0.0013378523,D
0.001232317,E
0.0050892476,G
0.00042521342,H
0.0005385039,I
1.1507738e-05,J
0.002061675,K
4.92362e-05,L
0.00012705228,M
0.9869717,PoseBad
