Probability,Class
0.008248839,A
0.0050875,B
0.00090983626,C
0.00061940175,D
0.0019600224,E
0.0056452653,G
0.012074621,H
0.0023479187,I
0.0014550161,J
0.007476472,K
0.0005985908,L
0.001085605,M
0.952491,PoseBad
