Probability,Class
0.0002792006,A
0.0029636028,B
0.00018787864,C
0.002001745,D
0.00023640465,E
0.00014234358,G
0.0013814772,H
0.00015551671,I
0.026969582,J
0.0017187583,K
0.0019055479,L
0.0002549663,M
0.96180296,PoseBad
