Probability,Class
0.0079393685,A
0.31596264,B
0.0020787562,C
0.00089515484,D
0.0024183523,E
0.006449142,G
0.0013345433,H
0.0030322736,I
0.001106579,J
0.0017555655,K
0.0012089513,L
0.040060908,M
0.61575776,PoseBad
