Probability,Class
0.03076587,A
0.05898037,B
0.0085410355,C
0.00037868586,D
0.0018725538,E
0.0040016635,G
0.009374854,H
0.00070977805,I
0.0041448134,J
0.0025245072,K
0.0017842321,L
0.00068868813,M
0.8762329,PoseBad
