Probability,Class
0.0003402217,A
0.00021540161,B
8.620136e-05,C
0.00304477,D
0.0029425025,E
0.00012308531,G
0.00017913367,H
0.00090392376,I
0.00030414236,J
0.0014761802,K
0.00066449586,L
0.00016106917,M
0.98955894,PoseBad
