Probability,Class
0.00394154,A
0.007429743,B
0.00064261,C
0.012877277,D
0.0005413941,E
0.002289835,G
0.015360696,H
0.0064445483,I
0.0031770875,J
0.00065282045,K
0.00047120688,L
0.0015005359,M
0.9446706,PoseBad
