Probability,Class
0.0015316883,A
0.012815327,B
0.00026898645,C
0.00035935748,D
0.013794769,E
0.002069439,G
0.0001759082,H
0.002622287,I
0.00017303835,J
0.0078064706,K
0.0024448417,L
0.0006927457,M
0.9552451,PoseBad
