Probability,Class
6.773329e-05,A
0.0025953643,B
0.0001944028,C
0.00043081108,D
0.00053577224,E
0.0008954323,G
0.0005398511,H
0.0005379654,I
0.0007946368,J
0.0002721103,K
7.492509e-05,L
5.568507e-05,M
0.99300534,PoseBad
