Probability,Class
0.013256521,A
0.063908145,B
0.00020305962,C
0.0023725997,D
0.0011147795,E
0.003212035,G
0.002051039,H
0.00046056526,I
0.0017054313,J
0.0044743167,K
0.0034370553,L
0.0047028083,M
0.8991017,PoseBad
