Probability,Class
0.00035937378,A
0.0010167381,B
0.0009823904,C
0.0010129418,D
0.000103897946,E
0.00020028916,G
0.00196612,H
0.0012806366,I
0.00026611268,J
0.0002187149,K
0.0009878054,L
0.001151638,M
0.99045336,PoseBad
