Probability,Class
0.00072131166,A
0.036113854,B
0.026854744,C
0.019498544,D
0.019022722,E
0.07857812,G
0.0045574605,H
0.0040360307,I
0.00081805146,J
0.025489327,K
0.020895345,L
0.0049152533,M
0.7584993,PoseBad
