Probability,Class
0.0057296604,A
0.059461985,B
0.0026254884,C
0.006192018,D
0.00079421524,E
0.0014673372,G
0.01734367,H
0.0020517977,I
0.003291653,J
0.00020803646,K
0.003106541,L
0.009461716,M
0.8882659,PoseBad
