Probability,Class
0.0011230564,A
0.17494874,B
0.0052540908,C
0.0010229261,D
0.018301774,E
0.022196243,G
0.01887903,H
0.031678624,I
0.007621294,J
0.0040651066,K
0.008939956,L
0.029435994,M
0.67653316,PoseBad
