Probability,Class
0.00032151947,A
0.00018158506,B
5.1557698e-05,C
0.002918751,D
0.0026199732,E
0.00012236495,G
0.00013722702,H
0.00063194276,I
0.00022195117,J
0.0013741674,K
0.0005111046,L
0.00010221956,M
0.99080557,PoseBad
