Probability,Class
0.00047052858,A
0.0006859918,B
0.00027948813,C
0.00047958636,D
0.000189877,E
0.003155347,G
0.9846614,H
0.0003661883,I
0.0021412594,J
0.0012571517,K
0.00027432397,L
0.0009893985,M
0.005049419,PoseBad
