Probability,Class
0.0015859616,A
0.0025921017,B
0.00024788,C
0.0016476543,D
0.0007336612,E
0.00029561386,G
0.00047574783,H
0.0017283504,I
0.00061749277,J
0.0021278749,K
0.00045526828,L
0.00085313077,M
0.9866392,PoseBad
