Probability,Class
0.00041426008,A
0.00083418615,B
0.0011399233,C
0.00034844296,D
0.00011825703,E
0.007950135,G
0.000624153,H
0.00070066407,I
0.0002997945,J
0.0005979071,K
5.0920175e-06,L
0.0028094938,M
0.9841577,PoseBad
