Probability,Class
0.0014049344,A
0.005200717,B
0.012926919,C
0.0011518181,D
0.0026876368,E
0.042757444,G
0.060416114,H
0.004375083,I
0.002618153,J
0.00069043017,K
0.00069989206,L
0.0030250435,M
0.86204576,PoseBad
