Probability,Class
0.00085529796,A
0.0012553795,B
0.0013312914,C
0.0009942725,D
0.005741931,E
0.07337225,G
0.0049809557,H
0.0011897767,I
0.0014726043,J
0.0024579817,K
0.00076318294,L
0.00029574646,M
0.9052894,PoseBad
