Probability,Class
5.7000107e-06,A
0.99801,B
1.3501263e-05,C
7.3728626e-07,D
1.5415573e-05,E
1.54396e-05,G
2.8728487e-05,H
3.4723533e-05,I
2.9898067e-05,J
3.2515072e-05,K
0.00087306654,L
4.027113e-05,M
0.000900058,PoseBad
