Probability,Class
8.1390564e-05,A
0.0019877758,B
0.00020581829,C
7.263354e-05,D
0.0008325464,E
0.0012480178,G
0.00012223136,H
0.00031600922,I
0.0009675047,J
0.0005578708,K
0.00015175207,L
3.8884275e-05,M
0.9934175,PoseBad
