Probability,Class
0.00081043254,A
0.0030811285,B
0.0013176653,C
0.00308626,D
0.0039516636,E
0.042765588,G
0.000769283,H
0.00038786867,I
0.00019025407,J
0.0042658844,K
0.001407299,L
0.00018200575,M
0.93778473,PoseBad
