Probability,Class
0.0009487782,A
0.0029720461,B
9.899227e-05,C
3.285084e-05,D
7.3664705e-05,E
0.00020223176,G
5.1725652e-05,H
0.00017101558,I
0.00015502381,J
9.331472e-05,K
6.351827e-05,L
0.00012470264,M
0.9950121,PoseBad
