Probability,Class
0.000520069,A
0.00017623564,B
0.0012393832,C
0.0015059211,D
0.0022037472,E
0.0030721533,G
0.00022570846,H
0.00041145392,I
4.3644097e-05,J
0.0031222252,K
5.182672e-05,L
2.816698e-05,M
0.9873996,PoseBad
