Probability,Class
0.0008056937,A
0.0016713407,B
0.0008868909,C
0.00012000073,D
0.00023520718,E
0.00052565645,G
0.0023654993,H
0.00057365425,I
0.04022041,J
0.0012509874,K
0.00047218727,L
0.00037725156,M
0.95049524,PoseBad
