Probability,Class
0.0035308653,A
0.004133596,B
0.000111946494,C
0.0004549135,D
0.00023002065,E
0.00029029654,G
0.0003984518,H
0.00076658383,I
0.002270738,J
0.0006717447,K
0.00048100363,L
0.00023312504,M
0.98642665,PoseBad
