Probability,Class
0.0012920136,A
0.0005529601,B
0.0005696911,C
0.0010472983,D
0.0002492366,E
8.838122e-05,G
0.000124623,H
0.0003338596,I
0.0036537766,J
0.0002912082,K
0.00020066871,L
0.0024849293,M
0.98911136,PoseBad
