Probability,Class
0.003508787,A
0.0027285914,B
0.0015496338,C
0.1231193,D
0.0021572772,E
0.0048720255,G
0.010792838,H
0.008354416,I
0.04164819,J
0.0029523077,K
0.002764963,L
0.00067715853,M
0.7948746,PoseBad
