Probability,Class
0.00279769,A
0.0011783715,B
0.0009965231,C
0.00010204137,D
0.0015410198,E
0.012282203,G
0.0011817374,H
0.0014525863,I
0.0008372943,J
0.00050879625,K
0.0017043736,L
0.00012761584,M
0.9752897,PoseBad
