Probability,Class
0.040061366,A
0.0029469715,B
0.00083790516,C
0.002468128,D
0.0019648501,E
0.0024153586,G
0.004659783,H
0.0026726266,I
0.0067889965,J
0.00038212168,K
0.00021429065,L
0.0002824779,M
0.9343052,PoseBad
