Probability,Class
8.298119e-06,A
0.0019867246,B
6.693411e-05,C
2.8700758e-06,D
8.783701e-05,E
0.00019922665,G
9.181808e-06,H
4.8791033e-05,I
6.9002235e-06,J
0.0006053028,K
0.00011567857,L
0.0001820591,M
0.99668026,PoseBad
