Probability,Class
0.006593723,A
0.00075162516,B
0.001146039,C
0.0006630583,D
0.035123546,E
0.0033074773,G
0.0012722866,H
0.023884151,I
0.004418267,J
0.025181394,K
0.00021569837,L
0.00026015707,M
0.8971826,PoseBad
