Probability,Class
0.025266586,A
0.005384321,B
2.4569703e-05,C
8.816926e-05,D
0.00019771037,E
0.00046617546,G
0.0003568404,H
9.103089e-05,I
0.000898285,J
0.0002914108,K
0.00020060562,L
6.5286804e-05,M
0.9666689,PoseBad
