Probability,Class
0.014225546,A
0.00079458556,B
9.589934e-05,C
0.0002022544,D
0.0007591325,E
0.003841511,G
0.0008687032,H
0.0020023226,I
0.00056758634,J
0.002624266,K
0.00012669487,L
1.4398152e-05,M
0.9738772,PoseBad
