Probability,Class
0.0028474107,A
0.0134661505,B
1.6862741e-05,C
6.425863e-05,D
0.00022469486,E
0.00042665255,G
6.707359e-05,H
0.0005801824,I
0.0005328297,J
0.00034726525,K
0.0005189394,L
0.00040274832,M
0.98050493,PoseBad
