Probability,Class
3.931848e-05,A
0.002208583,B
7.1560484e-05,C
3.4483914e-05,D
0.00071558874,E
0.0002215664,G
1.1344291e-05,H
0.00025432408,I
0.00025175794,J
0.00080310734,K
0.00030702775,L
0.00012393335,M
0.9949574,PoseBad
