Probability,Class
6.721426e-05,A
8.151407e-05,B
1.22634465e-05,C
0.0005255934,D
7.144713e-05,E
2.1628593e-05,G
2.065654e-05,H
2.544867e-05,I
0.00032174969,J
6.9549016e-05,K
0.00034702767,L
0.00012553565,M
0.99831045,PoseBad
