Probability,Class
0.0068484396,A
0.0016610149,B
0.0070904912,C
0.01016382,D
0.015487087,E
0.0031805816,G
0.009554461,H
0.009242344,I
0.00046666528,J
0.0047337674,K
0.0004236272,L
0.00056914124,M
0.93057853,PoseBad
