Probability,Class
0.0003102227,A
0.00733358,B
0.0010106355,C
0.00048023838,D
0.00066957134,E
0.0011388048,G
0.0007526613,H
0.00066579186,I
0.00017666622,J
0.00025571845,K
0.0008600307,L
0.0041430993,M
0.9822029,PoseBad
