Probability,Class
0.99944514,A
0.00010110535,B
2.796566e-05,C
7.5494754e-05,D
1.3247738e-05,E
2.2290662e-05,G
1.8378953e-05,H
1.1891379e-05,I
2.9684352e-05,J
0.00011377526,K
1.23397385e-05,L
1.0656619e-05,M
0.000117938616,PoseBad
