Probability,Class
0.0008957106,A
0.008853626,B
0.0032648542,C
0.008474948,D
0.025758674,E
0.0026631898,G
0.00066828926,H
0.87793505,I
0.010716394,J
0.011580754,K
0.0046285638,L
0.004748668,M
0.03981121,PoseBad
