Probability,Class
0.010175242,A
0.006462419,B
0.0001789207,C
0.00018370406,D
0.0014914453,E
0.008240338,G
0.00042994873,H
0.00032564855,I
0.0008212875,J
0.0011387094,K
0.00080592866,L
0.00013804431,M
0.9696084,PoseBad
