Probability,Class
0.00636514,A
0.0005292346,B
0.000442384,C
0.0063166847,D
0.002797968,E
0.001789461,G
0.0026989637,H
0.00016792436,I
0.00070925057,J
0.00046127418,K
0.005070864,L
0.005051839,M
0.9675991,PoseBad
