Probability,Class
0.0006596027,A
0.0008839596,B
0.0003490328,C
3.171225e-05,D
0.00081949687,E
0.0024978959,G
8.207572e-05,H
0.000110984285,I
0.00065132394,J
0.0007677528,K
0.00010826281,L
0.0011057449,M
0.99193233,PoseBad
