Probability,Class
0.00542127,A
0.0022374517,B
0.0023213145,C
0.030091546,D
0.012337665,E
0.006228316,G
0.0034207422,H
0.023848597,I
0.015471202,J
0.015707856,K
0.00077041204,L
0.003969798,M
0.8781738,PoseBad
