Probability,Class
0.00091443106,A
0.0003966465,B
0.00049413857,C
0.9941545,D
0.0003048045,E
5.448862e-05,G
0.00027155803,H
0.00017589444,I
0.0011003137,J
0.0017146,K
0.00014643912,L
0.00012637043,M
0.00014597467,PoseBad
