Probability,Class
0.0040594586,A
0.0061982907,B
0.006297821,C
0.0139523605,D
0.007217357,E
0.1729354,G
0.29945678,H
0.008752578,I
0.00017839292,J
0.10355351,K
0.0025465928,L
0.006727879,M
0.36812356,PoseBad
