Probability,Class
0.00037450195,A
0.00028393557,B
0.00027468192,C
0.0005178932,D
0.0067976424,E
0.0006902155,G
4.9901504e-05,H
0.0043690302,I
0.0027839968,J
0.0013228133,K
0.00014151231,L
4.0469014e-05,M
0.98235345,PoseBad
