Probability,Class
0.21840075,A
0.019034833,B
0.00014618604,C
0.0013605222,D
0.00077355944,E
0.005187527,G
0.0023956748,H
0.00059547875,I
0.0006382903,J
0.0010265158,K
0.00044489827,L
0.0013219492,M
0.74867386,PoseBad
