Probability,Class
0.0026666338,A
0.0017332709,B
0.0003238848,C
0.00066223455,D
0.00032339068,E
0.0022400715,G
0.0006467823,H
0.00030560457,I
0.00018730736,J
0.000742629,K
0.0001384721,L
3.8468417e-05,M
0.9899913,PoseBad
