Probability,Class
0.0017562222,A
0.0010519817,B
0.00020352853,C
0.00083079556,D
0.0012289293,E
0.0003336023,G
0.0014149705,H
0.00024280202,I
0.0010796946,J
0.00024035807,K
0.001103161,L
0.0004143641,M
0.9900996,PoseBad
