Probability,Class
0.00030128626,A
0.0004777019,B
6.1921587e-06,C
2.9477562e-05,D
2.836295e-05,E
4.666299e-05,G
2.0443782e-05,H
5.391713e-05,I
1.2126317e-05,J
0.00010497171,K
2.660857e-05,L
8.397448e-05,M
0.9988084,PoseBad
