Probability,Class
0.0076384493,A
0.27612033,B
0.00462482,C
0.0015750899,D
0.0007055886,E
0.0018749582,G
0.0005378283,H
0.0002366466,I
0.00088469207,J
0.0028578152,K
0.011673142,L
0.01722586,M
0.67404485,PoseBad
