Probability,Class
0.0001443315,A
0.0005062199,B
0.00034579635,C
0.00020444155,D
0.000596647,E
0.0033236635,G
0.024618173,H
0.0015508274,I
0.00015578684,J
0.000985615,K
0.0006322034,L
0.0011620418,M
0.96577436,PoseBad
