Probability,Class
0.0010458884,A
0.0006366389,B
0.00090599904,C
0.00012949419,D
0.00012540132,E
0.00083307445,G
0.0018061623,H
2.4495448e-05,I
0.0002458268,J
0.000332037,K
8.9518035e-05,L
0.00016883718,M
0.9936566,PoseBad
