Probability,Class
0.0016622946,A
0.001455571,B
0.00090435025,C
0.0015136108,D
0.0011160373,E
0.0006546198,G
0.0019352288,H
0.0005745791,I
0.005702578,J
0.00051740656,K
0.00046416817,L
0.0031468025,M
0.98035276,PoseBad
