Probability,Class
0.0007084305,A
0.0060321633,B
0.0011389375,C
0.0028098524,D
0.0020504922,E
0.0018358789,G
0.0053396816,H
0.000121815036,I
0.0001109183,J
0.0048390534,K
0.002914347,L
0.0012930665,M
0.9708054,PoseBad
