Probability,Class
0.0019184055,A
0.0003348989,B
0.0015507279,C
0.0006134265,D
0.0015100073,E
0.004126757,G
0.951972,H
0.00058320106,I
0.008736469,J
0.0009831167,K
0.00014747889,L
0.0007448638,M
0.026778676,PoseBad
