Probability,Class
0.0146640325,A
0.0046600997,B
0.006806907,C
0.0049462896,D
0.011245223,E
0.031933922,G
0.03377158,H
0.013742484,I
0.00049662025,J
0.033131722,K
0.00036118936,L
0.004846982,M
0.83939296,PoseBad
