Probability,Class
0.0019884289,A
0.012308862,B
0.00026687508,C
0.002324291,D
0.00050286885,E
0.0020228534,G
0.0015526877,H
0.0014605917,I
0.00039291277,J
0.000112861686,K
0.00029145926,L
0.00130652,M
0.97546875,PoseBad
