Probability,Class
0.030216718,A
0.0040800087,B
0.0012677148,C
0.010407097,D
0.004437693,E
0.30004296,G
0.009044923,H
0.01618884,I
0.030297102,J
0.020955846,K
0.00092364993,L
0.0063385856,M
0.5657988,PoseBad
