Probability,Class
0.0045974692,A
0.0038574873,B
0.019725662,C
0.009335546,D
0.017197376,E
0.49269372,G
0.20589446,H
0.009979595,I
0.00012377472,J
0.034871623,K
0.03131356,L
0.007497554,M
0.16291223,PoseBad
