Probability,Class
0.0017504686,A
0.0012716355,B
0.00017933919,C
0.00013742902,D
0.002470522,E
0.00074359024,G
0.00040514118,H
0.00013275917,I
0.0004123295,J
0.00024216877,K
0.00013799887,L
7.519401e-05,M
0.9920415,PoseBad
