Probability,Class
0.0019014254,A
0.0028207048,B
0.00011680256,C
0.00013274208,D
0.0058649066,E
0.0018914709,G
0.0012232016,H
0.007637545,I
0.005898042,J
0.0017257781,K
0.0009783076,L
0.00024260009,M
0.9695665,PoseBad
