Probability,Class
0.0008279923,A
0.001598565,B
0.0012467274,C
0.0019758882,D
0.012630294,E
0.7884759,G
0.001199058,H
0.0007763816,I
0.011215985,J
0.0015509686,K
0.00065282994,L
0.0022444217,M
0.17560504,PoseBad
