Probability,Class
0.00015175865,A
8.248394e-05,B
0.00013906369,C
0.00057947735,D
0.00013119396,E
0.00049967365,G
0.99570763,H
0.00017566176,I
0.0006878059,J
0.00036544405,K
0.00024391638,L
0.00041109364,M
0.0008246141,PoseBad
