Probability,Class
0.0002717777,A
0.0017111293,B
0.0042579896,C
0.0031591433,D
0.00010496137,E
0.043598864,G
0.0003490294,H
0.00026261108,I
2.5095389e-05,J
0.0101963505,K
8.9483576e-05,L
0.0034146123,M
0.932559,PoseBad
