Probability,Class
2.6042017e-05,A
0.000194601,B
0.005218634,C
0.00049636955,D
0.00080818264,E
0.017672688,G
0.00023230618,H
0.0005477474,I
2.0858783e-05,J
0.0027281095,K
3.0599258e-05,L
0.0001681966,M
0.97185564,PoseBad
