Probability,Class
0.0003241423,A
0.7494417,B
0.0123453075,C
0.0021953566,D
0.00014881474,E
0.0027635226,G
0.018576706,H
0.00420169,I
0.009695952,J
0.0114632035,K
0.030300437,L
0.0063364925,M
0.15220666,PoseBad
