Probability,Class
0.99943715,A
0.00011055366,B
2.557084e-05,C
6.965945e-05,D
1.2106961e-05,E
2.917203e-05,G
1.8164927e-05,H
1.4226481e-05,I
3.2758326e-05,J
0.00010947501,K
1.0401835e-05,L
1.224102e-05,M
0.00011853733,PoseBad
