Probability,Class
0.0028378507,A
0.00011730576,B
4.7739695e-06,C
2.0452975e-05,D
0.00011840058,E
0.00021014673,G
8.25779e-05,H
0.0002541607,I
0.00010220989,J
0.00017017842,K
1.1713756e-05,L
4.855826e-06,M
0.99606544,PoseBad
