Probability,Class
0.99932754,A
5.937109e-05,B
2.1743806e-05,C
6.727401e-05,D
1.6115702e-05,E
3.7005208e-05,G
1.9248317e-05,H
1.6970744e-05,I
3.743802e-05,J
0.00011497988,K
6.624186e-06,L
6.2493827e-06,M
0.00026943296,PoseBad
