Probability,Class
0.00046652235,A
0.0013729775,B
0.00070202106,C
0.00017434137,D
0.00032612224,E
0.016600288,G
0.0008559507,H
0.00016535536,I
0.0007649324,J
0.0025139912,K
0.00019933532,L
0.00051063916,M
0.9753475,PoseBad
