Probability,Class
0.0044838744,A
0.0068923654,B
0.00016229005,C
0.00081440783,D
0.0005222226,E
0.00047019444,G
0.0007265224,H
0.0012741468,I
0.004942739,J
0.0013501373,K
0.00033760534,L
0.0010513521,M
0.9769722,PoseBad
