Probability,Class
0.00027669122,A
0.00021114883,B
0.000246432,C
7.528434e-05,D
0.00038764667,E
0.0016685806,G
0.0011015941,H
0.00093981123,I
5.4570264e-05,J
0.0004492571,K
0.00010164409,L
7.597002e-05,M
0.9944114,PoseBad
