Probability,Class
0.008967425,A
0.08207178,B
0.004289818,C
0.0035107567,D
0.0047515687,E
0.22925037,G
0.0089524845,H
0.003157113,I
0.20990552,J
0.009565308,K
0.04258879,L
0.00059117365,M
0.39239794,PoseBad
