Probability,Class
7.913088e-05,A
0.00074851664,B
0.0011651671,C
0.00029029022,D
0.00044970892,E
0.011637662,G
0.0020763208,H
0.0007520406,I
0.00051029894,J
0.00030753473,K
4.001467e-05,L
0.0029715768,M
0.9789717,PoseBad
