Probability,Class
0.00027988746,A
0.0021440336,B
7.1285016e-05,C
0.00010599458,D
0.00013484962,E
0.00014028842,G
8.531724e-05,H
4.3308188e-05,I
0.0010340591,J
6.8758214e-05,K
6.623619e-06,L
2.1740243e-05,M
0.9958638,PoseBad
