Probability,Class
1.370921e-05,A
0.00039033074,B
0.000110743575,C
0.00012158987,D
4.265768e-05,E
0.00010618211,G
0.00032369862,H
0.00026936686,I
0.00011074643,J
4.4677246e-05,K
0.0016421366,L
0.9966928,M
0.0001313622,PoseBad
