Probability,Class
0.0004123614,A
0.36119905,B
0.000158681,C
0.000113493676,D
0.00059611537,E
0.00043752932,G
0.0014713916,H
0.0006789706,I
0.0005253733,J
0.00085999904,K
0.0009681981,L
0.0003272086,M
0.6322516,PoseBad
