Probability,Class
0.9985903,A
0.00012648776,B
4.385372e-05,C
0.00018369984,D
1.5617552e-05,E
6.417783e-05,G
6.3226005e-05,H
3.6784844e-05,I
0.00012117781,J
0.00019144893,K
1.6829368e-05,L
2.1556849e-05,M
0.00052488234,PoseBad
