Probability,Class
0.0063895686,A
0.4025842,B
0.0025093395,C
0.00015919907,D
0.0010730296,E
0.00075626915,G
0.0010187521,H
0.00012783334,I
0.0009150923,J
0.0035587067,K
0.00499536,L
0.0022108254,M
0.57370186,PoseBad
