Probability,Class
0.0031514827,A
0.015209052,B
0.0012795149,C
0.0071356287,D
0.06398254,E
0.19170454,G
0.035668448,H
0.007460132,I
0.00022747907,J
0.02252826,K
0.0018420779,L
0.0016834055,M
0.64812744,PoseBad
