Probability,Class
0.0001241021,A
0.00095373916,B
2.622819e-05,C
0.00028449466,D
2.8633423e-05,E
9.8002114e-05,G
0.00013762392,H
4.2104024e-05,I
0.00017793222,J
3.759904e-05,K
1.3026139e-05,L
0.00034585356,M
0.9977307,PoseBad
