Probability,Class
8.612299e-05,A
0.00018595275,B
0.0008552958,C
5.0627354e-05,D
0.00027496298,E
0.0047257827,G
0.00013039963,H
5.7842743e-05,I
6.2338964e-05,J
5.834274e-05,K
0.0001243575,L
0.00014530186,M
0.9932427,PoseBad
