Probability,Class
0.0014966328,A
0.013826102,B
0.00076652336,C
0.0031838287,D
0.00057110505,E
0.005019012,G
0.014043183,H
0.00048784143,I
0.0009409378,J
0.00023693802,K
0.0003819614,L
0.0025536625,M
0.95649225,PoseBad
