Probability,Class
0.00061605975,A
0.00028292448,B
0.0016263481,C
0.00059198216,D
0.00085107586,E
0.0023918094,G
0.022083879,H
0.007258283,I
0.00062593137,J
0.0006035129,K
0.00011910753,L
0.004996346,M
0.95795274,PoseBad
