Probability,Class
5.7871992e-05,A
0.001573703,B
0.00025027452,C
0.00011965161,D
6.513403e-05,E
0.0005907459,G
0.00012676597,H
0.00014957978,I
0.00024203343,J
0.0008291294,K
0.001331784,L
0.0003695417,M
0.99429375,PoseBad
