Probability,Class
0.9993249,A
0.00013150793,B
2.9652207e-05,C
8.849306e-05,D
1.2841322e-05,E
3.500885e-05,G
1.8199195e-05,H
1.88496e-05,I
4.1193816e-05,J
0.000118392076,K
1.08544955e-05,L
1.6455093e-05,M
0.00015360603,PoseBad
