Probability,Class
0.000180127,A
0.00024929983,B
0.0008455879,C
0.0019028088,D
0.0021843195,E
0.0002247625,G
0.00081099954,H
0.00077939674,I
0.00010970777,J
0.00015227537,K
0.00016644938,L
7.064034e-05,M
0.99232364,PoseBad
