Probability,Class
0.000623826,A
0.9756304,B
0.00011322691,C
1.7885532e-05,D
0.00020324788,E
0.00030925026,G
0.00080623216,H
0.00010317788,I
0.00014966178,J
0.0006897737,K
0.00046463002,L
0.00037548473,M
0.02051319,PoseBad
