Probability,Class
4.738043e-05,A
5.2765576e-05,B
4.634717e-05,C
0.99888366,D
7.082442e-05,E
6.332343e-06,G
6.894877e-05,H
0.00012856191,I
8.6830536e-05,J
0.0005220256,K
3.3815377e-05,L
1.7421013e-05,M
3.5104662e-05,PoseBad
