Probability,Class
6.535433e-05,A
0.0008006559,B
0.00019092041,C
0.000121563855,D
5.28923e-05,E
9.241187e-05,G
3.852961e-05,H
3.101719e-05,I
7.2661955e-05,J
5.4423366e-05,K
0.00015632079,L
0.9958839,M
0.0024393175,PoseBad
