Probability,Class
0.00016900022,A
0.0001231916,B
0.0010531569,C
0.00037510577,D
0.0006193514,E
0.0042783897,G
0.9878919,H
0.00018491308,I
0.0011554875,J
0.00047085746,K
0.0013688405,L
0.00085398875,M
0.0014558417,PoseBad
