Probability,Class
0.0002678248,A
0.0011889262,B
0.00041922583,C
0.00013107687,D
0.00016579231,E
0.0019389159,G
0.0027296173,H
0.0006616178,I
0.0003557455,J
0.0009409051,K
4.3518917e-06,L
0.00035181476,M
0.9908442,PoseBad
