Probability,Class
5.401141e-05,A
0.0007706155,B
0.00013028516,C
7.295988e-05,D
3.7025045e-05,E
0.00035447496,G
2.2737233e-05,H
8.897526e-06,I
8.598764e-06,J
5.294123e-05,K
2.5449197e-05,L
0.9983997,M
6.2327206e-05,PoseBad
