Probability,Class
0.0033207077,A
0.015249717,B
0.00013783462,C
0.00011777686,D
0.00042163418,E
0.00053928886,G
0.0006055948,H
0.00032750913,I
0.0011945156,J
0.00048101533,K
0.00010909181,L
0.0013347458,M
0.97616065,PoseBad
