Probability,Class
0.0066434992,A
0.0048236893,B
0.00012311361,C
0.00028245995,D
0.0002464992,E
0.0010077525,G
0.00039332669,H
5.356803e-05,I
0.000409855,J
0.00034688407,K
0.00027721206,L
0.00034682784,M
0.98504525,PoseBad
