Probability,Class
0.008207608,A
0.0022394357,B
3.5162888e-05,C
0.00016169222,D
0.00020868033,E
0.00036415985,G
0.00026021237,H
8.328189e-05,I
0.0004346539,J
0.000109083776,K
0.00020183022,L
0.0002568024,M
0.9874373,PoseBad
