Probability,Class
7.1619884e-06,A
0.110015854,B
0.00024499348,C
5.7734323e-06,D
1.2846745e-05,E
4.4485638e-05,G
4.8695572e-05,H
0.0001706171,I
2.1001466e-05,J
0.00017209488,K
0.00013244014,L
0.00014096405,M
0.8889831,PoseBad
