Probability,Class
0.020447414,A
0.016417177,B
6.835029e-05,C
0.000111862355,D
0.00030734538,E
0.0002454087,G
0.0004898698,H
0.00017976502,I
0.0009415138,J
0.00013462506,K
0.00028393156,L
0.0010972861,M
0.9592755,PoseBad
