Probability,Class
0.00031154152,A
0.00092723273,B
0.007778028,C
0.04844424,D
0.009478004,E
0.0022451952,G
0.034435663,H
0.025330419,I
0.009704513,J
0.0073209996,K
0.0949534,L
0.012723938,M
0.74634683,PoseBad
