Probability,Class
0.021635424,A
0.0128655005,B
0.00013173286,C
4.04614e-05,D
0.00013652859,E
0.0001907773,G
0.00024624294,H
0.00015863366,I
0.00074066315,J
0.00016521534,K
0.00018930547,L
0.00027629762,M
0.9632232,PoseBad
