Probability,Class
0.00073555234,A
0.017301166,B
0.0012439935,C
0.00021117384,D
0.00014112642,E
0.006177811,G
0.0003673375,H
0.0020919833,I
0.0010072604,J
0.0025343953,K
0.0010268316,L
0.0005656532,M
0.96659577,PoseBad
