Probability,Class
0.01239626,A
0.00267418,B
0.0013773387,C
0.00021256866,D
0.0006752265,E
0.0012472194,G
0.0065943995,H
0.0019399485,I
0.014561059,J
0.002447529,K
0.0017978303,L
0.0017662774,M
0.9523102,PoseBad
