Probability,Class
0.5487931,A
0.0047861286,B
0.00013387488,C
0.0018438193,D
0.00052570674,E
0.001224291,G
0.0010222396,H
0.0003097722,I
0.0007573069,J
0.00086062157,K
0.0003447822,L
0.0001246355,M
0.4392738,PoseBad
