Probability,Class
0.008412489,A
0.008347372,B
0.00034925988,C
0.00025630018,D
0.0009997863,E
0.0037949965,G
0.0016543464,H
0.0004599412,I
0.014867111,J
0.00026656772,K
0.00024836636,L
0.0013462676,M
0.95899713,PoseBad
