Probability,Class
0.0055327495,A
0.0007181512,B
0.0015972711,C
0.00094123173,D
0.0010060137,E
0.0023762994,G
0.0031553349,H
0.00021081284,I
0.0779442,J
0.00041480822,K
0.00055373384,L
0.0006928651,M
0.9048566,PoseBad
