Probability,Class
5.7784775e-05,A
0.00046441646,B
0.0013879996,C
4.360393e-05,D
0.001131706,E
0.0009628362,G
0.00026612854,H
0.00054543937,I
0.00048094042,J
0.00031182673,K
0.0004923089,L
0.00012375347,M
0.9937312,PoseBad
