Probability,Class
0.002472304,A
0.0015880092,B
0.0010041611,C
0.0004351786,D
0.0010101405,E
0.015307699,G
0.00058951444,H
0.0052793412,I
6.265774e-05,J
0.0164524,K
6.673241e-05,L
0.00018768974,M
0.9555441,PoseBad
