Probability,Class
0.0006468937,A
0.044446792,B
0.0002789007,C
0.00017185556,D
0.00019979617,E
0.0014581131,G
0.00055788516,H
0.0010081145,I
0.00015405031,J
0.00010276379,K
8.152686e-05,L
0.002251893,M
0.94864136,PoseBad
