Probability,Class
0.00077942497,A
0.0028727665,B
0.00044388662,C
0.000454157,D
0.0010719921,E
0.01274797,G
0.015007707,H
0.0069859177,I
0.00081956916,J
0.0035042663,K
0.0021333578,L
0.0037697665,M
0.9494091,PoseBad
