Probability,Class
0.004152051,A
0.000116822885,B
0.00010033442,C
3.6988953e-05,D
0.00013125535,E
0.00013043004,G
4.1329615e-05,H
0.00036020565,I
0.00031126605,J
7.7825636e-05,K
5.6377055e-05,L
7.043551e-05,M
0.9944147,PoseBad
