Probability,Class
0.00026524355,A
7.802654e-05,B
0.00012044234,C
0.00056789746,D
6.259005e-05,E
0.0006783927,G
0.9944975,H
0.00015022793,I
0.001298155,J
0.00026691885,K
0.00023187346,L
0.00047061502,M
0.0013120782,PoseBad
