Probability,Class
0.0017190382,A
0.0011489156,B
0.00020440189,C
0.0001403109,D
0.00063039636,E
0.012149233,G
0.013913213,H
0.0020771949,I
0.00034374287,J
0.0036144995,K
0.0005735439,L
0.0006240856,M
0.9628615,PoseBad
