Probability,Class
0.00037152218,A
0.00078117964,B
0.0001699315,C
0.0008487962,D
0.00018802009,E
0.00020748193,G
0.005043812,H
0.00018390789,I
0.0024390467,J
0.00019466251,K
0.00017872812,L
2.242068e-05,M
0.9893706,PoseBad
