Probability,Class
0.005828551,A
0.00037919055,B
0.0058798026,C
0.0035274576,D
0.5885744,E
0.006870018,G
0.021995747,H
0.012157445,I
0.03579752,J
0.00820624,K
0.015098522,L
0.0008238475,M
0.2948613,PoseBad
