Probability,Class
0.0015349786,A
0.00082612556,B
0.00010328161,C
0.0006063673,D
0.0057394733,E
0.13167092,G
0.0011047457,H
0.02052424,I
0.0081966575,J
0.018455813,K
0.00029260915,L
0.0021785062,M
0.8087663,PoseBad
