Probability,Class
0.9978259,A
8.350913e-05,B
8.619303e-05,C
0.00043788424,D
4.0237144e-05,E
0.00021040915,G
2.1178988e-05,H
3.7946586e-05,I
0.0002221751,J
0.00013683701,K
3.8570855e-05,L
1.6507023e-05,M
0.00084259914,PoseBad
