Probability,Class
0.0069451407,A
0.018148756,B
0.00023353487,C
0.00048089898,D
0.003621021,E
0.00095160084,G
0.00029659003,H
0.00015128498,I
0.0050420733,J
0.00047366324,K
8.3697276e-05,L
0.0006920528,M
0.9628796,PoseBad
