Probability,Class
0.00029476374,A
0.0052983426,B
0.00014560323,C
0.005214737,D
0.00071068894,E
0.0011212976,G
0.00040214785,H
0.00048437837,I
2.9534467e-05,J
0.0077269617,K
0.00041312672,L
0.00047253797,M
0.9776859,PoseBad
