Probability,Class
0.010660254,A
0.0059083556,B
0.0017160436,C
0.0011280576,D
0.0004998071,E
0.006218314,G
0.00039551215,H
0.00017817866,I
0.004419446,J
0.0001810077,K
0.00053632085,L
8.485918e-05,M
0.9680739,PoseBad
