Probability,Class
0.0005931904,A
0.05762375,B
6.883235e-05,C
0.00012621918,D
0.00017969124,E
0.00048576752,G
0.00018476442,H
2.8532624e-05,I
0.0009029874,J
0.00015119546,K
3.2849337e-05,L
0.00023336973,M
0.93938875,PoseBad
