Probability,Class
0.009878703,A
0.23995239,B
0.0045495937,C
0.00031266408,D
0.00091580156,E
0.0004688941,G
0.0020818396,H
0.00017209805,I
7.9169295e-05,J
0.003724273,K
0.0010132161,L
0.0025377215,M
0.7343138,PoseBad
