Probability,Class
0.0003533009,A
0.00046981993,B
0.00017083129,C
0.99273396,D
0.00013206751,E
0.00025096952,G
0.00038924,H
0.00030845674,I
0.00051920256,J
0.0035322225,K
9.980498e-05,L
0.00024383584,M
0.00079640554,PoseBad
