Probability,Class
0.0027174372,A
0.00024851115,B
0.0019423937,C
0.0020259663,D
0.045800366,E
0.0056640226,G
0.0012982077,H
0.005296548,I
0.0041482723,J
0.0022635928,K
0.0017444363,L
0.00028942918,M
0.9265608,PoseBad
