Probability,Class
0.00058489415,A
8.9730594e-05,B
0.00013167197,C
1.7409358e-05,D
0.001354794,E
0.0008314643,G
0.00036989135,H
0.0019075181,I
0.00025448276,J
0.00035447127,K
8.9392364e-05,L
0.00029423463,M
0.99371994,PoseBad
