Probability,Class
0.00043043774,A
0.0023102358,B
0.0025361169,C
0.00023390992,D
0.021847125,E
0.002423636,G
0.0032680135,H
0.005970485,I
0.02122986,J
0.0043457956,K
0.017484665,L
0.0047603105,M
0.9131594,PoseBad
