Probability,Class
0.0067307116,A
0.72644496,B
0.00474078,C
0.001688002,D
0.0007037565,E
0.00024501246,G
0.0024859037,H
7.308267e-05,I
2.6543616e-05,J
0.0037258784,K
0.002659617,L
0.0063714497,M
0.24410431,PoseBad
