Probability,Class
0.0026262728,A
0.003961432,B
0.0027989754,C
0.00061695493,D
0.0008871126,E
0.02359241,G
0.18632679,H
0.0011879604,I
0.00605562,J
0.003648565,K
0.00013587384,L
0.0014250494,M
0.76673687,PoseBad
