Probability,Class
0.0009521152,A
0.0005919022,B
0.0007355422,C
0.0031449362,D
0.0007617753,E
0.0068032052,G
9.61367e-05,H
0.00028437082,I
0.0012419688,J
0.000111261426,K
8.281623e-05,L
0.00039402608,M
0.9848,PoseBad
