Probability,Class
0.0023711193,A
0.005896684,B
0.00017802637,C
0.00042987682,D
0.00033941562,E
0.0010942087,G
0.0003295425,H
0.00026378882,I
0.00819399,J
0.0008476992,K
0.00076578045,L
0.000112444955,M
0.9791774,PoseBad
