Probability,Class
0.001379186,A
0.008211861,B
0.0017533472,C
0.0008459455,D
0.00073685317,E
0.0014996744,G
0.0012034972,H
0.000354814,I
0.0145773785,J
0.00021169099,K
0.0005553361,L
0.00044096675,M
0.9682294,PoseBad
