Probability,Class
0.0019817513,A
0.0054442165,B
0.00080855296,C
0.0009848139,D
0.002309906,E
0.13923737,G
0.000976794,H
0.0015440373,I
0.0025944198,J
0.003846124,K
0.00017096469,L
0.0006780418,M
0.83942294,PoseBad
