Probability,Class
0.0041015376,A
0.007628168,B
0.0024913596,C
0.00059798075,D
0.00019734325,E
0.0015234264,G
0.002240362,H
0.0015692136,I
0.005532291,J
0.00083092024,K
4.6646775e-05,L
0.0010549874,M
0.9721857,PoseBad
