Probability,Class
0.00023220069,A
0.00025750976,B
0.00011281053,C
0.99713445,D
0.00040570274,E
2.5955998e-05,G
0.00024853146,H
0.00015617146,I
0.0005054636,J
0.0003331337,K
0.00015344455,L
4.5838504e-05,M
0.0003886939,PoseBad
