Probability,Class
0.0031548808,A
0.019944798,B
0.00935096,C
0.0056012464,D
0.027243773,E
0.0009796871,G
0.0027178207,H
0.012636118,I
0.006174615,J
0.005852468,K
0.007343318,L
0.00023685762,M
0.89876336,PoseBad
