Probability,Class
0.0018077086,A
0.0010376986,B
0.0020297545,C
0.00068129913,D
0.0031060292,E
0.0013885724,G
0.0021262832,H
0.0016599125,I
0.00055350707,J
0.0017620708,K
0.0012081966,L
0.00033183213,M
0.98230714,PoseBad
