Probability,Class
0.0015410498,A
0.013420404,B
0.0008094543,C
0.00036118357,D
0.009486065,E
0.0014710868,G
0.0012915703,H
0.00091298873,I
0.020918472,J
0.0012102267,K
0.0059446404,L
0.00034497344,M
0.9422878,PoseBad
