Probability,Class
4.291828e-05,A
0.00036202566,B
0.00028176027,C
0.00015709909,D
0.0002986897,E
0.012420814,G
0.0019986283,H
0.00081736967,I
0.00033764815,J
0.00076907524,K
2.7711763e-05,L
0.0006865455,M
0.98179966,PoseBad
