Probability,Class
0.0011943284,A
0.007223548,B
0.0008668324,C
0.0011616991,D
0.0015733616,E
0.0017861018,G
0.0025559084,H
0.00026680564,I
0.00054067007,J
0.0011303701,K
0.00097591395,L
0.0011396639,M
0.9795847,PoseBad
