Probability,Class
6.718264e-06,A
0.00035731887,B
3.2143675e-05,C
1.7194116e-05,D
3.804791e-05,E
1.3282439e-05,G
6.291085e-05,H
8.3333245e-05,I
7.920278e-06,J
2.1852955e-05,K
0.0003537516,L
1.8797953e-05,M
0.9989868,PoseBad
