Probability,Class
0.00054404256,A
0.00052508386,B
0.00061421806,C
2.2747396e-05,D
0.00012204082,E
0.0006090092,G
0.008414576,H
0.00033540945,I
0.0005946811,J
6.0317296e-05,K
4.840337e-06,L
0.00016222287,M
0.9879908,PoseBad
