Probability,Class
1.9068244e-05,A
0.0003226638,B
5.7390935e-05,C
9.532077e-05,D
9.2407536e-05,E
3.0937274e-05,G
0.00038479225,H
0.00017254306,I
0.00011103613,J
2.3028457e-05,K
0.9983437,L
0.00032822925,M
1.8956734e-05,PoseBad
