Probability,Class
0.0015397609,A
0.00034358332,B
0.00036715984,C
0.99150944,D
0.00036872536,E
0.00017231732,G
0.0005450512,H
0.00052231137,I
0.0011488555,J
0.002368797,K
0.00025248862,L
0.00012407146,M
0.00073735334,PoseBad
