Probability,Class
0.0011486667,A
0.0012154841,B
0.00021632119,C
0.003159453,D
0.00061826943,E
0.00037054034,G
0.0004938413,H
0.0016400439,I
0.0009103091,J
0.0021215507,K
0.00029314126,L
0.0005411066,M
0.98727125,PoseBad
