Probability,Class
0.0015393794,A
0.003762513,B
0.00021490482,C
6.493876e-05,D
0.0006549403,E
0.0041061724,G
0.00021599402,H
0.00024684542,I
0.00040202573,J
0.0024156733,K
0.00033437923,L
0.000100667785,M
0.9859416,PoseBad
