Probability,Class
0.016755762,A
0.04754052,B
0.0036748378,C
0.013138764,D
0.00796796,E
0.0054219114,G
0.011267257,H
0.0033682243,I
0.050148167,J
0.003766186,K
0.011486979,L
0.0065269354,M
0.81893647,PoseBad
