Probability,Class
0.0047696903,A
0.018615708,B
0.00028320574,C
0.001515996,D
0.0015073288,E
0.0015203699,G
0.00058127084,H
0.00015266034,I
0.0020463672,J
0.00061211333,K
0.0012024599,L
0.00020374553,M
0.9669891,PoseBad
