Probability,Class
0.0006003014,A
0.0015046044,B
0.00088528806,C
6.3294145e-05,D
0.0012139266,E
0.004895795,G
0.001551482,H
0.0006708285,I
0.0110956635,J
0.0022754844,K
0.003709627,L
0.00017016026,M
0.97136366,PoseBad
