Probability,Class
0.013707731,A
0.003064692,B
0.0077886553,C
0.011137046,D
0.0021235102,E
0.24834865,G
0.05657024,H
0.00086368213,I
0.00018318367,J
0.034908153,K
0.00022147423,L
0.0025735858,M
0.6185095,PoseBad
