Probability,Class
0.0005623116,A
0.000104760744,B
4.7818045e-05,C
0.00061167765,D
0.0008663632,E
7.931676e-05,G
0.0004806567,H
7.409029e-05,I
3.402874e-05,J
4.2162348e-05,K
0.00016188165,L
0.00030027525,M
0.99663466,PoseBad
