Probability,Class
0.00086038455,A
0.00015504389,B
0.00025552593,C
0.9961124,D
0.00026942036,E
4.4644676e-05,G
0.00029133316,H
0.00024331469,I
0.0005548064,J
0.00067086006,K
0.00015415765,L
3.5351182e-05,M
0.00035282763,PoseBad
