Probability,Class
0.00053085,A
5.4622193e-05,B
5.7647325e-05,C
8.939064e-05,D
0.000116358104,E
0.0004429872,G
0.0011459091,H
2.4224239e-05,I
0.004620331,J
8.652659e-05,K
7.354307e-05,L
9.127348e-05,M
0.9926664,PoseBad
