Probability,Class
0.0008775639,A
0.00044028385,B
0.00014312762,C
0.0016169258,D
0.00561635,E
0.00012218012,G
0.00080738694,H
0.0019904836,I
0.00039870103,J
0.00032769924,K
0.00027691558,L
0.0004235239,M
0.9869588,PoseBad
