Probability,Class
0.00011580887,A
0.00050269713,B
1.9974372e-05,C
6.435833e-05,D
5.0862418e-05,E
5.0718078e-05,G
6.592672e-05,H
4.9668888e-05,I
1.564061e-05,J
4.4940756e-05,K
2.2169334e-06,L
2.2129338e-05,M
0.998995,PoseBad
