Probability,Class
1.4080457e-05,A
0.00044582775,B
8.941684e-05,C
7.839306e-05,D
0.00014102504,E
9.083482e-05,G
8.671761e-05,H
0.00031575264,I
7.452768e-05,J
2.5975667e-05,K
0.9984707,L
0.00012895995,M
3.7652557e-05,PoseBad
