Probability,Class
0.48763242,A
0.0038303845,B
0.0007412916,C
0.0010218674,D
0.0002105166,E
0.0006075464,G
0.00032189538,H
0.0005847597,I
0.000862294,J
0.0011475733,K
0.0002442168,L
0.00016256822,M
0.5026327,PoseBad
