Probability,Class
1.3267989e-05,A
4.0935025e-05,B
0.00011716383,C
1.2455865e-05,D
0.0003321385,E
0.002979814,G
0.0001203875,H
5.178414e-05,I
5.249113e-05,J
0.00019080368,K
8.291332e-05,L
9.251832e-06,M
0.9959966,PoseBad
