Probability,Class
0.0008807606,A
0.023817694,B
0.0010231369,C
0.007922701,D
0.016407907,E
0.00078889274,G
0.002837833,H
0.0022804043,I
0.01502661,J
0.023896484,K
0.024388762,L
0.0079548545,M
0.8727739,PoseBad
