Probability,Class
0.0001726955,A
0.00010583307,B
7.539085e-05,C
6.7856905e-05,D
6.4805856e-05,E
0.00039970476,G
0.0008927371,H
0.00068637537,I
6.7916466e-05,J
0.00020802664,K
3.878289e-06,L
0.00041317556,M
0.99684155,PoseBad
