Probability,Class
0.00073817885,A
0.0046939785,B
0.0016932846,C
0.000418841,D
9.524121e-05,E
0.00056614954,G
0.0028224704,H
0.0001437263,I
0.00041996155,J
0.0003017741,K
0.00033128707,L
0.00021375246,M
0.9875613,PoseBad
