Probability,Class
0.00015168231,A
0.00047961276,B
0.000518026,C
8.6960645e-05,D
0.004881769,E
0.0054591238,G
0.00018622118,H
0.00035112686,I
0.0015945036,J
0.0009165568,K
0.0027046613,L
0.0005066537,M
0.98216313,PoseBad
