Probability,Class
0.02656509,A
0.085992105,B
0.00019085387,C
0.00081772427,D
0.0008476795,E
0.002970136,G
0.00072582107,H
0.00026980735,I
0.0036108634,J
0.0007280419,K
0.0005944182,L
0.00029417052,M
0.8763933,PoseBad
