Probability,Class
4.7403864e-05,A
0.0031384572,B
0.00037177853,C
0.00011299307,D
0.0003490836,E
0.007266641,G
0.0014442011,H
0.0013550359,I
0.00047898607,J
0.0014837652,K
0.0006117381,L
0.00020727699,M
0.98313254,PoseBad
