Probability,Class
0.9992112,A
0.0001222045,B
3.2325923e-05,C
0.00010181912,D
1.4197989e-05,E
3.5341032e-05,G
3.233357e-05,H
2.0208568e-05,I
4.766508e-05,J
0.00015984107,K
1.1179502e-05,L
1.4877747e-05,M
0.00019669825,PoseBad
