Probability,Class
0.0048445286,A
0.08500084,B
0.03902707,C
0.00068279466,D
0.00080222293,E
0.004876743,G
0.04608637,H
0.0061457874,I
0.0070988103,J
0.004081746,K
0.02258405,L
0.047136087,M
0.7316329,PoseBad
