Probability,Class
0.0004136101,A
0.01832663,B
0.00015957684,C
4.2760537e-05,D
5.7965077e-05,E
6.2654035e-05,G
0.0001528737,H
7.742476e-05,I
9.495131e-05,J
4.917968e-05,K
0.00016907637,L
3.075139e-05,M
0.9803625,PoseBad
