Probability,Class
0.0003194656,A
0.7606565,B
3.6913312e-05,C
4.12913e-05,D
0.00020695802,E
0.00037428574,G
0.000957212,H
8.389801e-05,I
0.00043150215,J
0.0009124074,K
0.00011483532,L
0.00012589036,M
0.23573883,PoseBad
