Probability,Class
0.0006027946,A
0.16095129,B
0.00091606553,C
0.0019261411,D
0.002093526,E
0.0075581754,G
0.0018611657,H
0.002406928,I
0.00024781332,J
0.0017973491,K
0.0007903978,L
0.026050968,M
0.7927974,PoseBad
