Probability,Class
0.0005512022,A
0.0015142971,B
0.00023491879,C
0.00043489088,D
0.0009705189,E
0.000344714,G
0.002165977,H
0.00044430353,I
2.5041518e-05,J
0.00023912259,K
1.5571099e-05,L
0.0008593718,M
0.9922001,PoseBad
