Probability,Class
0.00059187354,A
0.010969882,B
0.0032880122,C
0.0008183464,D
0.009322265,E
0.0055921935,G
0.0052583823,H
0.011036146,I
0.00092780334,J
0.002648948,K
0.9420804,L
0.0021759605,M
0.005289717,PoseBad
