Probability,Class
0.00017610868,A
7.679397e-05,B
6.9669964e-05,C
0.00013115311,D
4.7031986e-05,E
1.4367219e-05,G
0.00014078674,H
6.2311294e-05,I
0.00029801315,J
2.5119056e-05,K
3.5552628e-05,L
7.7384546e-05,M
0.9988457,PoseBad
