Probability,Class
0.06056816,A
0.00059302704,B
0.00021315568,C
0.00034400585,D
0.00025351494,E
0.0002591218,G
0.00015255372,H
0.00015672825,I
0.000714118,J
0.00011404855,K
0.00052198756,L
0.00017010371,M
0.93593955,PoseBad
