Probability,Class
0.00020498605,A
0.00027885626,B
0.000665711,C
0.00029212266,D
0.00036461727,E
0.0010735975,G
0.0024304213,H
0.0010288226,I
0.00080585806,J
0.00034462917,K
5.7056488e-05,L
0.000583109,M
0.99187016,PoseBad
