Probability,Class
0.00295983,A
0.0021008214,B
0.0003458419,C
0.00043936088,D
0.0024084728,E
0.0015619195,G
0.00048408416,H
0.0004817099,I
0.0016069888,J
0.00033876725,K
0.00026669062,L
0.00017755161,M
0.98682797,PoseBad
