Probability,Class
0.00016939832,A
0.0025408028,B
0.00013350444,C
0.00050171564,D
0.0011524569,E
0.0016984529,G
0.0005034234,H
0.00022013618,I
0.00012590764,J
0.0151058985,K
0.0004532824,L
0.00024931566,M
0.9771457,PoseBad
