Probability,Class
0.00043161112,A
0.16130278,B
0.00018485481,C
0.00020543687,D
0.00043066544,E
0.00022966709,G
0.0008685907,H
0.00029240624,I
0.00013504806,J
0.0014373482,K
0.00015980331,L
0.00048922945,M
0.83383244,PoseBad
