Probability,Class
0.0006672316,A
0.00045565836,B
0.00024385308,C
0.00025307498,D
3.1227217e-05,E
0.00042588293,G
0.00081492844,H
0.00013214212,I
0.00013425415,J
8.2052575e-05,K
2.6558668e-05,L
6.98383e-05,M
0.9966633,PoseBad
