Probability,Class
0.009130693,A
0.002587249,B
0.0015071328,C
0.0007815629,D
0.00015490537,E
0.00097042794,G
0.0012693859,H
8.268698e-05,I
0.00074887276,J
0.0004955743,K
0.0006547192,L
0.00023695153,M
0.9813799,PoseBad
