Probability,Class
0.07272467,A
0.0005684428,B
0.00035329798,C
0.0007086107,D
0.00029482844,E
0.00015182924,G
0.0001089013,H
7.586855e-05,I
0.00031834777,J
0.0002392745,K
0.0003071121,L
0.0001982844,M
0.92395055,PoseBad
