Probability,Class
0.0010983921,A
0.005612427,B
0.0005558659,C
0.0015486213,D
0.0027197443,E
0.0013923777,G
0.001934592,H
0.0030196006,I
0.00042550734,J
0.0013855947,K
0.9722778,L
0.001868524,M
0.0061609866,PoseBad
