Probability,Class
0.0087895505,A
0.00082429586,B
7.358035e-05,C
7.635765e-05,D
4.3065782e-05,E
0.00018207403,G
0.00012898282,H
8.509713e-05,I
0.0010368054,J
6.7146946e-05,K
5.0181745e-05,L
3.2867683e-05,M
0.98861,PoseBad
