Probability,Class
0.0010578966,A
0.005336972,B
0.0029207512,C
0.010259643,D
0.0010349556,E
0.0011657262,G
0.0014392622,H
0.00077393017,I
0.011629923,J
0.0011777511,K
0.00964722,L
0.0012763601,M
0.95227957,PoseBad
