Probability,Class
0.00083001674,A
0.0040690703,B
7.409999e-05,C
0.00013916864,D
9.216618e-05,E
0.00028324442,G
0.00040202055,H
0.0006783414,I
0.00023589254,J
0.00014280518,K
1.6848746e-05,L
0.00091259053,M
0.9921238,PoseBad
