Probability,Class
0.0015660147,A
0.0018162536,B
3.692474e-05,C
0.00019471253,D
0.00018461667,E
0.00015671636,G
0.00012983398,H
0.00021754923,I
9.9907724e-05,J
0.0002614253,K
0.00025549144,L
0.00021806186,M
0.9948625,PoseBad
