Probability,Class
0.004042948,A
0.7522085,B
0.002919041,C
0.0010247302,D
0.0012654942,E
0.006749688,G
0.0018246984,H
0.0037175845,I
0.00053945853,J
0.002844641,K
0.0018174355,L
0.030250955,M
0.19079486,PoseBad
