Probability,Class
0.039644435,A
0.049652275,B
0.0045024035,C
0.0053833886,D
0.0025053378,E
0.00095158035,G
0.057470012,H
0.0043364363,I
0.018383749,J
0.0010276847,K
0.008439094,L
0.03798384,M
0.7697198,PoseBad
