Probability,Class
2.1304133e-05,A
0.00079308,B
0.0010172516,C
0.00086845463,D
0.00041532866,E
0.033326864,G
0.00030982748,H
0.00032824994,I
9.333957e-06,J
0.014020733,K
3.8570768e-05,L
0.00038601184,M
0.94846505,PoseBad
