Probability,Class
0.00045383544,A
0.0033349816,B
0.0002642202,C
0.00024723672,D
0.00012763604,E
0.00015834546,G
0.0006910117,H
0.00012064475,I
0.00025856125,J
0.00023975552,K
9.666779e-05,L
0.00014894613,M
0.99385816,PoseBad
