Probability,Class
0.00063964695,A
0.0026800667,B
0.0025692806,C
0.00020275093,D
0.00026041604,E
0.0018863388,G
0.00015590824,H
0.00057326705,I
0.0011281678,J
0.0037726022,K
0.0007975254,L
0.0012016599,M
0.9841323,PoseBad
