Probability,Class
0.00054496474,A
0.006591499,B
0.00053267425,C
7.761485e-05,D
0.00026613462,E
0.00034254245,G
0.00015701166,H
1.4206732e-05,I
0.00041639237,J
0.00010903785,K
0.000766539,L
0.00022048781,M
0.9899609,PoseBad
