Probability,Class
0.00354403,A
0.036623042,B
0.000241387,C
0.00078863284,D
0.00020861573,E
0.0031425084,G
0.0012085959,H
0.0014641539,I
0.0012256263,J
0.00038844603,K
0.00021835737,L
0.009276844,M
0.9416699,PoseBad
