Probability,Class
0.00037645295,A
0.0043861764,B
0.004030048,C
7.9174846e-05,D
0.00020263465,E
0.0009347668,G
0.014765031,H
0.00087637355,I
0.00075136236,J
0.0004351086,K
0.0007526981,L
0.00036981393,M
0.97204036,PoseBad
