Probability,Class
0.0025451137,A
0.00061861484,B
0.00014041807,C
0.0010116558,D
0.0015494513,E
0.00024027591,G
0.00025601545,H
0.00035309716,I
0.006510332,J
0.0003448338,K
0.00012637282,L
8.269203e-05,M
0.9862212,PoseBad
