Probability,Class
0.14454012,A
0.0028679024,B
6.33211e-05,C
0.00052231294,D
0.0004923677,E
0.001197082,G
0.0012934115,H
0.0009008421,I
0.00036816465,J
0.00040776466,K
0.00024258553,L
0.0016152865,M
0.84548885,PoseBad
