Probability,Class
0.00011418047,A
0.0066271606,B
0.00055792846,C
2.646614e-05,D
7.1065566e-05,E
0.0006374175,G
0.0002803809,H
0.00022161519,I
5.8806127e-05,J
0.00062879507,K
0.0006490754,L
0.0021451756,M
0.987982,PoseBad
