Probability,Class
1.5391668e-05,A
0.000109401146,B
0.000101600424,C
5.732623e-05,D
0.00014833486,E
0.008229847,G
5.6611312e-05,H
4.233248e-05,I
1.6075475e-05,J
0.0002897351,K
4.7958052e-05,L
3.495167e-05,M
0.9908505,PoseBad
