Probability,Class
0.009058235,A
0.020145308,B
0.00010240165,C
0.0017829053,D
0.00018969708,E
0.0008771546,G
0.00034746784,H
0.00023440934,I
0.0011356951,J
0.00077882863,K
0.00044340783,L
0.00059874903,M
0.9643058,PoseBad
