Probability,Class
0.00048937934,A
0.0008004796,B
0.00030823337,C
8.35299e-05,D
0.0028933722,E
0.0015639297,G
0.0012883202,H
0.00052639336,I
0.00019526416,J
0.002375669,K
0.0030783387,L
0.0019526473,M
0.9844444,PoseBad
