Probability,Class
0.0014988391,A
0.0004304328,B
0.00055744924,C
0.00078535755,D
0.0039343378,E
0.0059950934,G
0.0007068835,H
0.0008900286,I
0.00012759877,J
0.001467239,K
0.001962007,L
0.00014648147,M
0.9814982,PoseBad
