Probability,Class
9.357905e-05,A
0.028520506,B
0.00048577023,C
1.943725e-05,D
0.0012396802,E
0.00028858177,G
4.9896735e-05,H
0.0007741081,I
1.31017005e-05,J
0.0012967895,K
0.00019162173,L
0.0038395775,M
0.9631874,PoseBad
