Probability,Class
0.0005274252,A
0.00045058073,B
0.00019851755,C
0.00069595466,D
0.0008000464,E
0.0016100225,G
0.0030368958,H
0.00028506437,I
7.311415e-05,J
0.00030251354,K
5.0541057e-05,L
0.00031850365,M
0.99165076,PoseBad
