Probability,Class
0.001572668,A
0.020136217,B
0.00017059804,C
0.0025414818,D
0.00026020067,E
0.00013105554,G
0.00029857573,H
0.00031568078,I
0.0009871819,J
0.0010407884,K
0.0020775595,L
0.0014819781,M
0.96898603,PoseBad
