Probability,Class
0.00027770209,A
2.1197733e-05,B
6.422747e-05,C
1.2229035e-05,D
0.0009757735,E
0.00047995962,G
0.00019778454,H
0.0015972904,I
0.00011513874,J
5.705083e-05,K
3.483791e-05,L
0.00061023276,M
0.99555665,PoseBad
