Probability,Class
0.00011331828,A
9.33207e-05,B
4.0889892e-05,C
4.889704e-05,D
5.677281e-05,E
0.002507612,G
0.000102669124,H
3.909123e-05,I
7.53251e-05,J
5.7969013e-05,K
1.905585e-05,L
2.1671522e-05,M
0.99682355,PoseBad
