Probability,Class
0.0018097463,A
0.016063761,B
3.159997e-05,C
3.270461e-05,D
0.00012039601,E
0.00019419029,G
0.00010727787,H
0.0001049489,I
0.00021655417,J
0.00021691505,K
0.00015205845,L
4.3813176e-05,M
0.980906,PoseBad
