Probability,Class
0.008974096,A
0.005887088,B
0.0030242605,C
0.0047163763,D
0.0044941376,E
0.0015832435,G
0.005661338,H
0.0029848267,I
0.00021764751,J
0.014072094,K
8.743505e-05,L
0.0009197101,M
0.9473777,PoseBad
