Probability,Class
0.00017459987,A
0.0037694839,B
0.0005055729,C
0.00084446283,D
0.0011849138,E
0.00034800242,G
0.0025076256,H
0.000580411,I
0.0009773312,J
0.0005613018,K
0.00015560351,L
0.00018107961,M
0.9882097,PoseBad
