Probability,Class
0.0013219066,A
0.013513035,B
0.019815395,C
0.0022490055,D
0.0030182928,E
0.009237614,G
0.06744503,H
0.03513478,I
0.0075365305,J
0.026807414,K
0.010269881,L
0.018277116,M
0.785374,PoseBad
