Probability,Class
0.0043925936,A
0.0069280625,B
0.00027649393,C
0.00011285783,D
0.0024432885,E
0.00030417205,G
0.00011430136,H
0.00051851314,I
0.00038171286,J
0.0006188793,K
0.0009686316,L
0.00087699934,M
0.98206353,PoseBad
