Probability,Class
0.00062504614,A
0.0015357425,B
0.00037905233,C
0.0009945767,D
4.6164307e-05,E
0.00036508945,G
0.00016771803,H
0.00014979091,I
5.5772583e-05,J
3.277588e-05,K
0.00023913202,L
9.638219e-05,M
0.9953127,PoseBad
