Probability,Class
0.0002294088,A
0.0019205527,B
0.00040242288,C
0.00015524501,D
7.30672e-05,E
0.0008172427,G
0.00015022072,H
0.001033993,I
0.0005106878,J
0.00045324847,K
0.00025565643,L
0.000616644,M
0.9933815,PoseBad
