Probability,Class
0.0017169691,A
0.00049264944,B
0.00025560157,C
9.736707e-05,D
0.00013341222,E
0.00068855996,G
0.00049389206,H
0.0002590875,I
0.0026842537,J
0.0007968308,K
0.00015649291,L
0.00022754974,M
0.9919974,PoseBad
