Probability,Class
0.0016460941,A
0.012141815,B
0.00063865824,C
0.00061554526,D
0.00059744215,E
0.019667387,G
0.6770566,H
0.013193935,I
0.006881136,J
0.009505209,K
0.0025928896,L
0.0015090774,M
0.25395423,PoseBad
