Probability,Class
7.5078583e-07,A
1.2358703e-06,B
6.552681e-07,C
4.037771e-07,D
2.7957634e-08,E
5.846766e-08,G
8.1011436e-08,H
1.7518081e-06,I
6.934511e-08,J
4.7434497e-07,K
1.3505821e-06,L
0.9999931,M
3.7117907e-08,PoseBad
