Probability,Class
0.09413781,A
0.017618142,B
0.00020602984,C
0.00031484122,D
0.000885214,E
0.0013799659,G
0.00041060807,H
0.00040917928,I
0.002059064,J
0.00028108456,K
0.0007559112,L
0.0022239215,M
0.8793181,PoseBad
