Probability,Class
0.99513453,A
0.0004323279,B
0.00010552144,C
0.00034543293,D
2.2272252e-05,E
0.00010179709,G
0.00010897814,H
2.3672721e-05,I
0.00015250646,J
0.00015523758,K
6.62155e-05,L
3.082897e-05,M
0.0033207342,PoseBad
