Probability,Class
0.002424822,A
0.00028947348,B
0.00063729857,C
0.00039920153,D
0.0005032495,E
0.0026246083,G
0.0028893594,H
0.00037909928,I
0.001218131,J
0.0009775179,K
0.000569818,L
0.0038793709,M
0.983208,PoseBad
