Probability,Class
0.0027131655,A
0.00044399302,B
0.00024753954,C
0.00097225263,D
7.019749e-05,E
0.00027752318,G
0.0005905413,H
0.00034888802,I
0.00019958176,J
0.00097443117,K
4.0938103e-05,L
0.00040745462,M
0.9927135,PoseBad
