Probability,Class
0.0037530686,A
0.0022191803,B
0.0012670134,C
0.00044712174,D
0.00019955373,E
0.0028243272,G
0.00034790792,H
0.00028618492,I
0.01030857,J
0.0009927913,K
0.00048605917,L
0.00025934394,M
0.97660893,PoseBad
