Probability,Class
0.00026165083,A
0.0012716067,B
0.00024610007,C
0.0011221269,D
0.009091898,E
0.0065027573,G
0.00020032366,H
0.0004125396,I
5.4066837e-05,J
0.0021463786,K
5.0626477e-05,L
0.0019379298,M
0.976702,PoseBad
