Probability,Class
0.0015788581,A
0.00034897676,B
0.00015970084,C
0.000115215495,D
0.001478249,E
0.0013924873,G
0.00048338863,H
0.0010651349,I
0.00093892193,J
0.00043656866,K
0.00018854666,L
8.227357e-06,M
0.9918057,PoseBad
