Probability,Class
0.0034877574,A
0.0018247095,B
0.00023240397,C
0.0001205942,D
0.00019592207,E
0.00038667157,G
0.000205239,H
8.91274e-05,I
0.0013059645,J
0.00014169523,K
5.6817527e-05,L
0.0004090665,M
0.991544,PoseBad
