Probability,Class
0.0008277172,A
0.0010898205,B
0.00088693725,C
0.0011822684,D
0.0028562478,E
0.001509042,G
0.0022639225,H
0.001999537,I
0.0017299774,J
0.00015315587,K
0.0013110014,L
0.00038906603,M
0.9838013,PoseBad
