Probability,Class
0.0005448048,A
0.96674794,B
7.808479e-05,C
0.00013094337,D
6.655452e-05,E
0.000119098135,G
0.00021666095,H
3.801439e-05,I
0.0008120487,J
6.504293e-05,K
0.00030104126,L
0.0003575818,M
0.030522244,PoseBad
