Probability,Class
4.9381626e-05,A
0.00013561138,B
4.07211e-05,C
9.3525005e-06,D
0.00011146016,E
0.00046041206,G
0.00013119809,H
2.8974697e-05,I
4.51967e-05,J
4.3021664e-05,K
2.7581986e-05,L
3.28188e-05,M
0.9988844,PoseBad
