Probability,Class
0.007389253,A
0.0008706547,B
0.004803535,C
0.008471122,D
0.0059111095,E
0.0356464,G
0.024353234,H
0.005539723,I
6.538741e-05,J
0.013833996,K
0.00012911542,L
0.003914512,M
0.88907206,PoseBad
