Probability,Class
0.0013599735,A
0.0015432794,B
9.1548216e-05,C
5.621617e-05,D
0.00027834874,E
0.00020061982,G
0.00055888115,H
7.174225e-05,I
0.0012265481,J
6.044796e-05,K
2.9085599e-05,L
8.942042e-05,M
0.99443394,PoseBad
