Probability,Class
0.0001957816,A
0.0001479621,B
0.0010647989,C
0.00045074988,D
0.00043919732,E
0.004865657,G
0.98702765,H
0.00019281983,I
0.0014042987,J
0.00052374764,K
0.0011891142,L
0.00076460786,M
0.0017335879,PoseBad
