Probability,Class
0.00040147663,A
0.00051965716,B
0.0004153744,C
0.00032590164,D
0.0037760804,E
0.00027139724,G
0.00024259917,H
0.00029517262,I
0.0001692467,J
0.00012353904,K
0.0011873356,L
9.830454e-05,M
0.9921739,PoseBad
