Probability,Class
0.03420079,A
0.015140822,B
0.00016060092,C
0.00021693936,D
0.0009758357,E
0.00091641216,G
0.0006375041,H
0.00031724435,I
0.0010279462,J
0.0025105935,K
8.957629e-05,L
0.00063194067,M
0.9431738,PoseBad
