Probability,Class
0.0002099251,A
0.00070902985,B
0.0069197174,C
0.030403525,D
0.01981265,E
0.0016561691,G
0.019434256,H
0.029205438,I
0.007826275,J
0.005270311,K
0.07172119,L
0.01081359,M
0.796018,PoseBad
