Probability,Class
0.02842704,A
0.0152560845,B
0.0052330284,C
0.0077958517,D
0.007736659,E
0.016728025,G
0.0035984176,H
0.008502169,I
0.015437943,J
0.01309922,K
0.008594448,L
0.0011888909,M
0.8684022,PoseBad
