Probability,Class
0.0005874727,A
0.0042987694,B
0.00044618058,C
0.007063054,D
0.0005844375,E
0.00043180687,G
0.00063424755,H
0.0007599558,I
0.0036387544,J
0.0010623152,K
0.002662257,L
0.0018870642,M
0.9759437,PoseBad
