Probability,Class
5.836901e-05,A
0.0003217698,B
0.0006073432,C
0.0005518338,D
0.0011339834,E
0.03006438,G
0.0015731703,H
0.0001738747,I
0.00050954527,J
0.0015306141,K
0.00075706607,L
0.00012613094,M
0.962592,PoseBad
