Probability,Class
0.011058242,A
0.013302581,B
0.0041341614,C
0.0012369847,D
0.0004466449,E
0.017843673,G
0.00039278428,H
0.0009373635,I
0.014391738,J
0.0016678898,K
0.0014063375,L
0.0012344875,M
0.93194723,PoseBad
