Probability,Class
0.064500354,A
0.004853161,B
0.0023513385,C
0.0014914158,D
0.0027791369,E
0.0021474534,G
0.015437978,H
0.0025613015,I
0.0037345998,J
0.00079096394,K
0.001167573,L
0.0012135988,M
0.89697105,PoseBad
