Probability,Class
0.00016764272,A
0.0011842264,B
0.0006674223,C
7.929069e-05,D
5.0039256e-05,E
0.0008579825,G
9.924028e-05,H
0.00036791537,I
0.00047405434,J
0.0003612422,K
0.00018300264,L
0.00062314875,M
0.9948848,PoseBad
