Probability,Class
0.99938726,A
0.000118547134,B
3.0294583e-05,C
7.610321e-05,D
1.3606429e-05,E
2.8287843e-05,G
1.7636463e-05,H
1.4354761e-05,I
4.618707e-05,J
0.00010904661,K
1.330775e-05,L
1.2163967e-05,M
0.00013321025,PoseBad
