Probability,Class
0.0012251856,A
0.008168668,B
0.0012203829,C
0.007053409,D
0.002217908,E
0.001628579,G
0.00061522826,H
0.008807626,I
0.0007878313,J
0.024708042,K
0.00050314376,L
0.0030805732,M
0.93998337,PoseBad
