Probability,Class
0.00061078015,A
0.0024229235,B
0.00035073716,C
0.0004086711,D
0.0011815454,E
0.0023936888,G
0.0020624695,H
0.004233945,I
0.0049923523,J
0.0010539137,K
0.0008860286,L
0.0005130547,M
0.97888994,PoseBad
