Probability,Class
0.010618578,A
0.012090998,B
0.0002748141,C
0.00016214498,D
0.00012052338,E
0.00046640605,G
0.00018164035,H
0.00028868415,I
0.0005578813,J
0.0005554329,K
6.47377e-05,L
0.00024171076,M
0.9743765,PoseBad
