Probability,Class
0.99813926,A
0.000101418824,B
5.9415353e-05,C
0.00021155043,D
4.261977e-05,E
0.00014013535,G
2.2380764e-05,H
3.901663e-05,I
0.00016627523,J
0.00029513368,K
5.033113e-05,L
2.5530304e-05,M
0.0007069626,PoseBad
