Probability,Class
0.07048208,A
0.011213647,B
0.000100091456,C
7.596062e-05,D
0.00031146657,E
0.00024319618,G
0.00074839755,H
0.0001847295,I
0.0023136444,J
0.00014352106,K
0.0005635028,L
0.00015158873,M
0.9134681,PoseBad
