Probability,Class
0.013720323,A
0.029308198,B
0.000113415146,C
0.00027153976,D
8.9075686e-05,E
0.0007419142,G
0.00016262602,H
0.00013889687,I
0.0006818799,J
0.0004946941,K
0.00014425411,L
0.000620528,M
0.9535125,PoseBad
