Probability,Class
0.0011975872,A
0.0019444452,B
0.0038717457,C
0.00027357574,D
0.00017303442,E
0.0014124517,G
0.00027403948,H
0.00068903796,I
0.0006344215,J
0.002611033,K
0.00022131481,L
0.0008614491,M
0.9858359,PoseBad
