Probability,Class
0.0002249679,A
0.00012361776,B
3.9434155e-05,C
8.541307e-06,D
5.3897427e-05,E
0.00052449614,G
0.00067588175,H
2.628535e-05,I
8.108234e-05,J
1.605575e-05,K
5.4025745e-06,L
9.5024305e-05,M
0.9981254,PoseBad
