Probability,Class
0.0044547576,A
0.64316845,B
0.009620593,C
0.0005875529,D
0.013405287,E
0.014639825,G
0.05461197,H
0.0036714338,I
0.0018567658,J
0.004155915,K
0.006017471,L
0.012663946,M
0.23114598,PoseBad
