Probability,Class
0.00041017047,A
0.04940648,B
0.00033822868,C
7.836498e-05,D
0.00031316318,E
0.0002831634,G
0.00011258544,H
0.00020875059,I
0.0029046303,J
0.0003029686,K
9.656069e-05,L
0.00014118456,M
0.94540375,PoseBad
