Probability,Class
0.0013658553,A
0.001115446,B
0.00010221124,C
0.00016053762,D
0.00029617068,E
0.0006143431,G
0.0020691105,H
0.00024586287,I
0.0001497056,J
6.3632215e-05,K
4.2130585e-05,L
6.559135e-05,M
0.99370944,PoseBad
