Probability,Class
0.00071053515,A
0.59367186,B
0.00024666442,C
0.00039796563,D
0.00096706714,E
0.00011001578,G
0.0022612568,H
0.00028482173,I
0.003407932,J
0.00024265773,K
0.0008582378,L
0.00074912823,M
0.3960918,PoseBad
