Probability,Class
0.00030668802,A
0.00071759394,B
0.004024493,C
0.00041912685,D
0.00781685,E
0.00041007155,G
0.0018009917,H
0.0009447026,I
0.00039629926,J
0.0014460545,K
0.0011115808,L
0.00014823338,M
0.98045737,PoseBad
