Probability,Class
0.00033082938,A
0.0038915745,B
0.0044491603,C
0.005156642,D
0.0031481092,E
0.0008209029,G
0.00063124957,H
0.00088358833,I
2.0682359e-05,J
0.009226909,K
0.0007602957,L
0.004747883,M
0.9659322,PoseBad
