Probability,Class
0.00031344744,A
0.0021954586,B
0.00057050015,C
0.0023073812,D
0.0016242716,E
0.000529932,G
0.0018279069,H
0.025130223,I
0.00027344222,J
0.0019321326,K
0.95623434,L
0.004579817,M
0.002481124,PoseBad
