Probability,Class
0.0013471874,A
0.036894973,B
0.00079908816,C
0.00045470442,D
0.0005330149,E
0.0018309889,G
0.000519936,H
0.0005724512,I
0.0018591951,J
0.0002262708,K
0.00017928075,L
0.0025235799,M
0.95225924,PoseBad
