Probability,Class
0.0008148442,A
9.0644455e-05,B
0.00024441467,C
0.0011443251,D
0.001623965,E
0.00020199153,G
0.0014860517,H
0.00027295123,I
0.000489069,J
8.948101e-05,K
0.0002560369,L
7.377914e-05,M
0.99321234,PoseBad
