Probability,Class
0.00016438293,A
0.009474332,B
0.0012004483,C
0.00040452756,D
0.0025574611,E
0.0020503344,G
0.0010954243,H
0.005501669,I
0.00027071088,J
0.0020138216,K
0.9726456,L
0.0011008964,M
0.0015203893,PoseBad
