Probability,Class
0.99758303,A
0.00022160646,B
5.106119e-05,C
0.00024028648,D
1.7754986e-05,E
0.00010396921,G
9.496887e-05,H
5.170128e-05,I
0.00018984111,J
0.00028086334,K
2.8250995e-05,L
3.5643054e-05,M
0.0011009178,PoseBad
