Probability,Class
0.01209394,A
0.000190226,B
3.0281983e-05,C
0.00050805067,D
5.495064e-05,E
0.00050801196,G
0.00027685586,H
0.00017262706,I
0.00028511594,J
0.0016047182,K
0.00011380002,L
0.00026275706,M
0.9838987,PoseBad
