Probability,Class
0.00022697539,A
0.0005819737,B
0.00023208887,C
0.00038745,D
0.00011445662,E
0.0016591778,G
0.98972005,H
0.00025821355,I
0.0018508212,J
0.00081964757,K
0.00025578492,L
0.00050075864,M
0.003392679,PoseBad
