Probability,Class
0.00209888,A
0.018247928,B
0.00082659465,C
0.0083160605,D
0.00016542467,E
0.0021110561,G
0.015284881,H
0.006987855,I
0.0017131523,J
0.0003250271,K
0.0004113997,L
0.0034423124,M
0.94006944,PoseBad
