Probability,Class
0.017756613,A
0.02358424,B
0.00033284005,C
0.0008180493,D
0.0010415631,E
0.0010035168,G
0.0014390125,H
0.00089374994,I
0.011138683,J
0.00072447717,K
0.0015329805,L
0.00049025717,M
0.93924403,PoseBad
