Probability,Class
0.00010794555,A
0.00020646722,B
0.00049455464,C
0.0005075689,D
0.0018742192,E
0.00043391055,G
0.00066043774,H
0.00022209123,I
0.025741447,J
0.0015216413,K
0.0025249892,L
0.00012427193,M
0.9655805,PoseBad
