Probability,Class
0.015961405,A
0.016867505,B
0.0005566749,C
0.00029936526,D
0.0025656032,E
0.0037053735,G
0.0058377795,H
0.0005954111,I
0.023524547,J
0.000467365,K
0.0009762111,L
0.001324704,M
0.9273179,PoseBad
