Probability,Class
0.000733289,A
0.0010712051,B
0.000254825,C
5.583521e-05,D
0.00042888947,E
0.0027465015,G
0.00033696744,H
0.00074335316,I
0.00020529884,J
0.00030744416,K
7.203829e-05,L
0.000101188045,M
0.9929432,PoseBad
