Probability,Class
0.001661028,A
0.001583463,B
3.5149023e-05,C
0.00083342905,D
0.00023774573,E
8.4206666e-05,G
0.00024693014,H
7.545221e-05,I
0.00018633899,J
0.0001306626,K
0.00010675096,L
0.00024384396,M
0.994575,PoseBad
