Probability,Class
0.00044494297,A
0.006037536,B
0.00030767877,C
0.00028019733,D
0.0047629913,E
0.0013915909,G
0.0027260361,H
0.0020856862,I
0.00025510677,J
0.0027391955,K
0.0084019415,L
0.005259744,M
0.96530735,PoseBad
