Probability,Class
0.00011375172,A
0.004807747,B
0.00055030326,C
0.00011550262,D
0.00017207822,E
0.00065382046,G
0.00096224976,H
0.00062717847,I
5.619895e-05,J
0.00057427934,K
0.0003526456,L
0.00035724408,M
0.990657,PoseBad
