Probability,Class
0.000219505,A
0.00093652384,B
0.00016068581,C
0.00024175757,D
0.00082286674,E
0.0034825546,G
0.013326901,H
0.00062341895,I
0.00028840787,J
0.00033393328,K
5.9022877e-05,L
0.00035860506,M
0.9791459,PoseBad
