Probability,Class
0.0047227293,A
0.0010145996,B
0.00015109526,C
0.00011601382,D
0.0001997745,E
0.00060592074,G
0.0004402527,H
8.7148015e-05,I
0.002074258,J
1.9262643e-05,K
0.0007782707,L
8.7856824e-05,M
0.9897029,PoseBad
