Probability,Class
0.0016794604,A
0.0017149842,B
0.00091140816,C
0.0011357985,D
0.008264525,E
0.9439667,G
0.0021222678,H
0.0015361081,I
0.011681604,J
0.0027413054,K
0.0015323677,L
0.0011853484,M
0.021528108,PoseBad
