Probability,Class
0.00019877174,A
0.00067043543,B
3.6904716e-05,C
6.9814654e-05,D
3.193782e-05,E
0.0005286566,G
0.0001462084,H
0.00016993063,I
7.1826726e-05,J
7.027885e-05,K
8.644846e-06,L
0.00055646786,M
0.99744,PoseBad
