Probability,Class
0.008080508,A
0.02417336,B
0.0042894157,C
0.002094934,D
0.017441403,E
0.0053599705,G
0.00073212135,H
0.009169797,I
0.01056266,J
0.0012908907,K
0.89119136,L
0.005765779,M
0.019847898,PoseBad
