Probability,Class
8.217388e-05,A
5.8902246e-05,B
0.0007656764,C
5.5677505e-05,D
0.000110787616,E
0.013859519,G
0.00843496,H
0.0005151137,I
0.0003881821,J
0.000106661035,K
7.6244323e-06,L
0.0003430957,M
0.9752715,PoseBad
