Probability,Class
0.99685174,A
0.00012225079,B
8.8816436e-05,C
0.00038956734,D
6.778167e-05,E
0.00019400218,G
4.834201e-05,H
4.004374e-05,I
0.00042752994,J
0.00019172096,K
7.845898e-05,L
2.7726855e-05,M
0.0014720609,PoseBad
