Probability,Class
0.00020560915,A
0.001089247,B
0.00023589126,C
0.00012765052,D
0.0002443556,E
8.981902e-05,G
0.00041563352,H
0.0015204946,I
0.00012479545,J
0.00043765505,K
0.00013705694,L
0.0004980893,M
0.9948737,PoseBad
