Probability,Class
0.0007769742,A
0.005268852,B
0.00015167298,C
7.245121e-05,D
0.00037028393,E
0.00032405075,G
2.4414709e-05,H
2.8087523e-05,I
0.00044273862,J
0.002040736,K
3.8208902e-05,L
3.092735e-05,M
0.99043053,PoseBad
