Probability,Class
0.09822101,A
0.00085776584,B
0.008522128,C
0.010925319,D
0.008279342,E
0.0010479038,G
0.008777623,H
0.002723659,I
0.013117036,J
0.0007680785,K
0.00022973742,L
0.0027129527,M
0.8438175,PoseBad
