Probability,Class
0.0004618373,A
0.00065250235,B
0.00032390296,C
0.0005328846,D
0.00025414053,E
0.0038501532,G
0.9839642,H
0.0004730914,I
0.00193684,J
0.001276766,K
0.00033856122,L
0.0012293571,M
0.004705723,PoseBad
