Probability,Class
0.013177932,A
0.006018671,B
0.00073035766,C
0.00057078246,D
0.00088031474,E
0.0024462834,G
0.00066435704,H
0.00021838873,I
0.0077987406,J
0.00040321104,K
0.0013169709,L
0.00026268003,M
0.96551126,PoseBad
