Probability,Class
2.0557136e-05,A
0.00012300382,B
0.0029257012,C
0.00053329574,D
0.0004472111,E
0.014519913,G
0.00028029425,H
0.001669462,I
2.0922285e-05,J
0.008009902,K
0.000118471915,L
0.00046821416,M
0.97086304,PoseBad
