Probability,Class
0.003396805,A
0.0029524562,B
0.00017620601,C
4.183468e-05,D
0.00012511009,E
0.0033225163,G
0.0014211166,H
0.00078087556,I
0.004283285,J
0.00016672781,K
7.5464326e-05,L
0.0015640554,M
0.98169345,PoseBad
