Probability,Class
0.0005746856,A
0.00096597814,B
0.00016257582,C
0.00018026782,D
0.0002516199,E
3.3367283e-05,G
0.00012900113,H
0.00026930284,I
0.0017108726,J
7.588896e-05,K
9.423319e-05,L
0.0013631221,M
0.99418914,PoseBad
