Probability,Class
0.00026874986,A
0.0002414371,B
2.6964697e-05,C
6.962087e-05,D
0.00096513797,E
0.0014558105,G
4.532918e-05,H
0.00016613744,I
1.4601625e-05,J
0.0004615831,K
6.097111e-06,L
3.6706188e-06,M
0.99627495,PoseBad
