Probability,Class
0.0006244705,A
1.4637828e-05,B
0.00018935469,C
0.002699415,D
0.0072596767,E
0.00013588514,G
7.5778255e-05,H
5.1798048e-05,I
6.181934e-05,J
0.000106472915,K
0.00011133595,L
0.000102411286,M
0.98856676,PoseBad
