Probability,Class
0.00022436047,A
0.00013112366,B
0.00087033544,C
9.7162214e-05,D
0.00045896554,E
0.0051164282,G
0.0013329376,H
0.00062516145,I
9.848394e-05,J
0.00052715314,K
8.4623425e-06,L
0.00073033036,M
0.98977906,PoseBad
