Probability,Class
0.00049472286,A
0.014330191,B
7.217129e-05,C
8.310566e-05,D
0.00013813908,E
2.857948e-05,G
7.750259e-05,H
7.521938e-05,I
0.00010736143,J
0.00051001325,K
0.00012212677,L
0.00017452776,M
0.9837863,PoseBad
