Probability,Class
0.027539138,A
0.0056037996,B
0.0001502486,C
0.00011010616,D
0.0002690963,E
0.00038528218,G
0.00092061295,H
0.00022780718,I
0.00092904025,J
0.00022103572,K
0.0001970458,L
0.00045793617,M
0.9629888,PoseBad
