Probability,Class
0.001033816,A
0.0059045837,B
0.0024202801,C
0.00056633697,D
0.02134555,E
0.004454515,G
0.0002331455,H
0.012158588,I
0.00094653206,J
0.022173576,K
0.0006337032,L
0.01916861,M
0.90896076,PoseBad
