Probability,Class
0.013881177,A
0.0013040737,B
0.00013756691,C
0.0049106483,D
0.0067628906,E
0.00011627417,G
0.0011042402,H
0.00064099714,I
0.013916819,J
0.010612605,K
0.0017825976,L
0.00014603435,M
0.94468415,PoseBad
