Probability,Class
0.0014106239,A
0.0064407834,B
0.00037279434,C
0.001665983,D
0.00016909084,E
0.000541733,G
0.018302342,H
0.00029938202,I
0.0010998645,J
0.00011762348,K
0.00024139951,L
0.0007359928,M
0.9686025,PoseBad
