Probability,Class
0.0015931083,A
0.00070671004,B
0.0006410129,C
0.00023914497,D
0.0007522527,E
0.00049246737,G
0.00028896282,H
0.0014181897,I
0.0001268194,J
0.00039146215,K
0.0033221298,L
8.26835e-05,M
0.9899451,PoseBad
