Probability,Class
0.00031632415,A
0.0042735864,B
0.0003977662,C
0.00016239488,D
0.00018675197,E
0.00027716527,G
0.00065703696,H
3.4391473e-05,I
8.3631516e-05,J
0.00024838088,K
8.50226e-05,L
0.99138695,M
0.0018905312,PoseBad
