Probability,Class
0.008275053,A
0.04454887,B
0.0010342194,C
0.0010496037,D
0.00033867534,E
0.0016177488,G
0.0010746173,H
0.0008941937,I
0.0013836091,J
0.0011352645,K
0.00021570157,L
0.00037162594,M
0.9380607,PoseBad
