Probability,Class
0.0018062236,A
0.0027985557,B
0.0012621612,C
0.0016444426,D
0.00074449583,E
0.53521615,G
0.010305979,H
0.0026619565,I
0.00072002894,J
0.008721462,K
0.00080859166,L
0.00068428647,M
0.43262556,PoseBad
