Probability,Class
6.707011e-05,A
0.00026861663,B
0.00022862882,C
0.0001631898,D
0.00018141826,E
0.00032366512,G
0.0049098805,H
0.0010992546,I
0.00013366844,J
0.0001888887,K
4.805249e-05,L
0.00016815322,M
0.99221957,PoseBad
