Probability,Class
9.517411e-05,A
0.8505925,B
0.0022434,C
0.0004568392,D
0.00029733658,E
0.002324907,G
0.00860928,H
0.071660586,I
0.00017289874,J
0.004295411,K
0.002850386,L
0.045734096,M
0.0106671,PoseBad
