Probability,Class
0.008450981,A
0.0025329187,B
0.00040693872,C
0.00079936965,D
0.000452141,E
0.001637796,G
0.0012328326,H
0.0004647681,I
0.00021295818,J
0.0015513811,K
0.00014282142,L
9.938188e-05,M
0.98201585,PoseBad
