Probability,Class
0.0012430738,A
0.046877306,B
0.0004121802,C
0.0002821596,D
0.0010517845,E
4.5378925e-05,G
0.00025368112,H
0.00013860271,I
0.00050789886,J
0.0011401838,K
0.00060532824,L
0.00071485335,M
0.9467275,PoseBad
