Probability,Class
0.9972542,A
0.00010711164,B
7.733459e-05,C
0.00051531545,D
4.3040473e-05,E
0.00024043235,G
2.9643497e-05,H
3.774422e-05,I
0.00025011215,J
0.00022582414,K
5.381876e-05,L
2.3075858e-05,M
0.0011423237,PoseBad
