Probability,Class
0.0004201761,A
0.0012507899,B
6.318238e-05,C
8.8726556e-05,D
4.9276736e-05,E
0.0006403732,G
0.00023061108,H
0.00025692664,I
8.866353e-05,J
0.00012789399,K
6.4996025e-06,L
0.0009216173,M
0.9958553,PoseBad
