Probability,Class
0.00054169603,A
0.00078876916,B
0.0008009066,C
0.0023499893,D
0.9639763,E
0.0021080764,G
0.005006643,H
0.00021712975,I
0.0036940388,J
0.0008810956,K
0.0018542211,L
0.00029331632,M
0.017487796,PoseBad
