Probability,Class
0.00047298046,A
0.0007611085,B
1.4775544e-05,C
7.117249e-05,D
3.9599105e-05,E
0.00018386893,G
0.00017072482,H
4.8348556e-05,I
0.0003142171,J
4.7953094e-05,K
6.671505e-06,L
0.000486331,M
0.9973822,PoseBad
