Probability,Class
0.0017765468,A
0.40379155,B
0.002624238,C
0.006369441,D
0.005727734,E
0.025197212,G
0.010584533,H
0.0054529523,I
0.00066839514,J
0.0039311238,K
0.0040298644,L
0.026765617,M
0.5030809,PoseBad
