Probability,Class
0.0007363535,A
0.0028991937,B
0.0010041319,C
0.00043661485,D
0.0034153962,E
0.011957237,G
0.00079965376,H
0.000104665414,I
0.00011432908,J
0.0022885809,K
0.0007674345,L
0.00016253933,M
0.9753137,PoseBad
