Probability,Class
0.00033355944,A
0.00072886003,B
0.0017644387,C
0.0006899626,D
0.9654069,E
0.0020191525,G
0.004084935,H
0.0051589343,I
0.013973115,J
0.00071770075,K
0.0042471904,L
0.00027571473,M
0.0005995762,PoseBad
