Probability,Class
8.5203945e-05,A
9.5086856e-05,B
0.00055845774,C
0.0007152309,D
0.00080940383,E
0.0006412768,G
0.00071351207,H
4.5417015e-05,I
2.940754e-06,J
0.002211421,K
8.280394e-05,L
2.1189106e-05,M
0.99401796,PoseBad
