Probability,Class
0.00083952385,A
0.00032543755,B
0.002361519,C
0.0016835027,D
0.96947014,E
0.0016650902,G
0.0012958958,H
0.0011248029,I
0.00094302703,J
0.00039901613,K
0.017009944,L
0.0005581935,M
0.002323872,PoseBad
