Probability,Class
0.00071536115,A
0.0048581623,B
0.0006480812,C
0.00091246393,D
0.00022599167,E
0.0007221675,G
0.0003745323,H
0.00070401095,I
0.0012302219,J
0.0019958832,K
0.00023688603,L
0.8568488,M
0.13052742,PoseBad
