Probability,Class
0.0011153825,A
0.0004017955,B
0.00086613116,C
0.0018011759,D
0.0017990249,E
0.0033895113,G
0.9731505,H
0.00061687187,I
0.0072986074,J
0.0010373981,K
0.00032959515,L
0.0022175084,M
0.00597653,PoseBad
