Probability,Class
0.0020144777,A
0.35686368,B
0.00016294146,C
0.0015386421,D
0.000674086,E
0.00025708042,G
0.0010622682,H
0.00027330572,I
0.0007260133,J
0.00015935405,K
0.0010921371,L
0.001029975,M
0.63414603,PoseBad
