Probability,Class
0.00022167788,A
0.00010434597,B
0.001054784,C
0.00016983315,D
0.00052216614,E
0.004178915,G
0.00040151417,H
0.00036697852,I
5.0194587e-05,J
0.001283816,K
5.083072e-06,L
0.0006034226,M
0.99103725,PoseBad
