Probability,Class
0.0052522887,A
0.04549894,B
0.00047024735,C
0.0015720444,D
0.0014526859,E
0.008092536,G
0.0030515871,H
0.0012113419,I
0.00932181,J
0.0012987847,K
0.004403397,L
0.0009242301,M
0.91745013,PoseBad
