Probability,Class
0.00031700876,A
0.00031536148,B
0.0001394871,C
0.99559456,D
0.00062917714,E
8.3750114e-05,G
0.00073237147,H
0.00026631803,I
0.00057287724,J
0.000578586,K
0.0001966174,L
5.7029614e-05,M
0.0005167421,PoseBad
