Probability,Class
0.0007639538,A
0.0029038964,B
0.0023848822,C
0.00083123357,D
0.037764423,E
0.04648735,G
0.0020378511,H
0.0054019573,I
0.000119122604,J
0.026503734,K
0.0005035056,L
0.000664796,M
0.8736333,PoseBad
