Probability,Class
0.00066235574,A
0.00208915,B
0.0032423972,C
0.037822463,D
0.0059293713,E
0.005166169,G
0.040426333,H
0.013172599,I
0.0032429663,J
0.0024007943,K
0.014270522,L
0.006469599,M
0.86510533,PoseBad
