Probability,Class
0.0002180341,A
0.0010833741,B
6.713973e-05,C
8.279304e-05,D
0.00097211765,E
0.0028349047,G
7.916322e-05,H
0.00060646696,I
0.00016009553,J
0.00019301982,K
5.7214593e-06,L
1.475652e-05,M
0.9936824,PoseBad
