Probability,Class
0.00015831897,A
3.2318592e-05,B
1.5594796e-05,C
0.0001431958,D
0.00020279724,E
6.46165e-05,G
3.7926282e-05,H
1.0469321e-05,I
9.929785e-05,J
0.00010517531,K
1.04058245e-05,L
7.628093e-06,M
0.9991122,PoseBad
