Probability,Class
0.9979013,A
0.000106358515,B
5.720614e-05,C
0.00029557533,D
5.8269936e-05,E
0.00011777902,G
2.4511919e-05,H
5.1695195e-05,I
0.00021817024,J
0.00041176443,K
5.139313e-05,L
2.9966886e-05,M
0.000675994,PoseBad
