Probability,Class
0.0007541872,A
0.00016546292,B
0.0007079884,C
5.3408345e-05,D
0.00061693275,E
0.013335587,G
0.0012113507,H
0.00017139832,I
0.00023576329,J
0.00023757457,K
0.00042462695,L
0.000183906,M
0.9819018,PoseBad
