Probability,Class
0.006053814,A
0.0012529412,B
0.0049238335,C
0.00063969166,D
0.0031910366,E
0.006014003,G
0.8686447,H
0.00056591746,I
0.01857512,J
0.0077360864,K
0.00023366336,L
0.00062910543,M
0.08154007,PoseBad
