Probability,Class
0.0031534221,A
0.06014981,B
0.00026760946,C
0.00038611967,D
0.0002009949,E
7.865198e-05,G
7.7843746e-05,H
3.498088e-05,I
2.8141641e-05,J
0.00029388405,K
0.00016507236,L
0.0011025056,M
0.93406093,PoseBad
