Probability,Class
0.007814514,A
0.011364893,B
0.0001623818,C
0.0001077932,D
0.00023620644,E
0.0006494039,G
0.00017119428,H
4.157412e-05,I
0.00069755706,J
0.00038232977,K
0.0001983305,L
0.00014563571,M
0.9780281,PoseBad
