Probability,Class
2.6453978e-05,A
0.002638439,B
0.0011307199,C
0.001498785,D
0.00016758953,E
0.00067413587,G
0.0010282355,H
0.00069369824,I
0.0001805198,J
0.0017848756,K
0.00059321354,L
0.010970329,M
0.978613,PoseBad
