Probability,Class
0.00019907711,A
0.00011376396,B
0.0018780142,C
0.00030025796,D
0.000606257,E
0.0040225135,G
0.00061414356,H
0.000259022,I
0.0023015486,J
0.0014148463,K
0.00041634266,L
5.995763e-05,M
0.9878143,PoseBad
