Probability,Class
0.00021036979,A
0.0006528865,B
0.00013174854,C
8.173099e-05,D
0.0002166607,E
0.00011550115,G
0.00012649874,H
2.5687576e-05,I
0.0006659617,J
4.6385903e-05,K
0.00041717902,L
0.0002569075,M
0.99705243,PoseBad
