Probability,Class
0.0006127421,A
0.0011462015,B
0.0005506859,C
0.00013719105,D
0.00074794306,E
0.023200326,G
0.00093407155,H
0.0016431054,I
0.00080633775,J
0.0005913792,K
0.0011512776,L
0.000662937,M
0.96781576,PoseBad
