Probability,Class
0.006848615,A
0.0018999644,B
0.00024104134,C
0.00066463236,D
0.00027735488,E
0.00063806894,G
0.0004915736,H
8.955247e-05,I
0.00073436834,J
0.00013695798,K
0.00022389261,L
0.00015746354,M
0.9875964,PoseBad
