Probability,Class
0.0003481598,A
0.00032254256,B
0.0001765494,C
0.00028864702,D
0.0012866132,E
0.0009120818,G
0.0012290849,H
0.0025913059,I
0.00018567762,J
9.364538e-05,K
9.309588e-05,L
0.00018197726,M
0.99229056,PoseBad
