Probability,Class
0.0002327712,A
0.0004027524,B
0.00019880662,C
0.0004878673,D
0.00012710984,E
0.0014193719,G
0.9899166,H
0.00021362242,I
0.0020152912,J
0.00056724844,K
0.00031693917,L
0.0006266706,M
0.0034749059,PoseBad
