Probability,Class
0.0016286962,A
0.00033114397,B
0.00021662995,C
0.0019523274,D
0.003826099,E
0.00028394524,G
0.0003336185,H
0.0036151507,I
0.00012428628,J
0.0011344425,K
0.00091246894,L
0.00022243164,M
0.9854187,PoseBad
