Probability,Class
0.001291521,A
0.0005455208,B
0.00021542344,C
0.0009082684,D
0.001024882,E
0.012243086,G
0.0007904097,H
0.00056097104,I
0.002626549,J
0.0049594147,K
0.00031074628,L
0.00037087468,M
0.97415245,PoseBad
