Probability,Class
8.6426764e-05,A
0.00043059894,B
0.0010084126,C
0.00025351343,D
0.00044716254,E
0.004929044,G
0.98620427,H
0.00015371601,I
0.001120383,J
0.000857492,K
0.00043025866,L
0.0011850832,M
0.002893612,PoseBad
