Probability,Class
0.01002397,A
0.03600291,B
5.732251e-05,C
7.340392e-05,D
0.00023238544,E
0.00033977805,G
0.00016136093,H
0.0011603432,I
0.0010948894,J
0.0005035415,K
0.00083117356,L
0.00019021724,M
0.9493288,PoseBad
