Probability,Class
6.4675354e-05,A
0.0036453584,B
0.00014011972,C
1.2549205e-05,D
0.00096406165,E
0.0015645549,G
0.00045817386,H
0.00073424063,I
5.690747e-05,J
0.0016759688,K
0.0015141029,L
0.00012647733,M
0.9890428,PoseBad
