Probability,Class
0.00036997985,A
0.9810034,B
0.00024167514,C
6.49499e-05,D
5.7918343e-05,E
0.000233826,G
0.0005248677,H
9.5640484e-05,I
0.0001997435,J
0.00046944764,K
0.00036488255,L
0.00034845254,M
0.016025249,PoseBad
