Probability,Class
0.0008572026,A
0.0021454145,B
0.00052974763,C
0.00028077295,D
0.00014828665,E
0.00074959197,G
0.0008950312,H
0.0004177387,I
0.0004049374,J
5.076184e-05,K
0.0006400872,L
0.0002924671,M
0.992588,PoseBad
