Probability,Class
0.0006757303,A
0.015218467,B
0.00044374447,C
0.0004641231,D
0.00018013803,E
0.0002811239,G
0.017781712,H
0.0004995533,I
0.00019995848,J
6.015442e-05,K
9.32329e-05,L
0.00093925965,M
0.9631627,PoseBad
