Probability,Class
0.02877565,A
0.0004802177,B
6.400216e-05,C
7.074638e-05,D
7.80553e-05,E
0.000114904244,G
3.4593322e-05,H
6.0369573e-05,I
0.00017948533,J
6.604578e-05,K
0.00024791757,L
5.148936e-05,M
0.9697766,PoseBad
