Probability,Class
0.00075878727,A
0.004761132,B
0.0028680838,C
0.00038143576,D
0.0014684778,E
0.029035255,G
0.091335736,H
0.0032555999,I
0.013086047,J
0.0034644725,K
0.0001532348,L
0.0010773229,M
0.84835446,PoseBad
