Probability,Class
0.00021333926,A
0.00063604873,B
2.8767445e-05,C
0.00013751026,D
3.3412154e-05,E
0.00056142453,G
0.00024523278,H
9.234696e-05,I
0.00014848012,J
3.8321767e-05,K
1.0797684e-05,L
0.00060825434,M
0.997246,PoseBad
