Probability,Class
0.0013850391,A
0.0028796673,B
0.00018023496,C
0.0001433646,D
0.00011934967,E
0.00082889746,G
0.00017593127,H
0.0005031764,I
0.00028380073,J
2.5467587e-05,K
0.00024208598,L
7.489053e-05,M
0.99315804,PoseBad
