Probability,Class
0.00013938632,A
0.00012928863,B
0.0009365624,C
0.00032922128,D
0.0013259852,E
0.00052472623,G
0.9892902,H
0.00035540832,I
0.000117576485,J
0.0012213725,K
0.00024445268,L
9.547012e-05,M
0.0052903946,PoseBad
