Probability,Class
0.003985289,A
0.0014124112,B
0.0010000415,C
0.00010460588,D
0.00084177486,E
0.0011776353,G
0.0006611087,H
0.00046696884,I
0.01058556,J
0.00085510674,K
0.0035919084,L
0.00049534306,M
0.97482216,PoseBad
