Probability,Class
0.00028811037,A
0.0004374869,B
0.0003893381,C
0.0012731267,D
0.0003742013,E
0.00083259516,G
0.010511704,H
0.0022428334,I
0.00029654242,J
0.0006275924,K
0.00022425178,L
0.00024405154,M
0.9822582,PoseBad
