Probability,Class
0.0009319717,A
0.0061441218,B
0.0010211415,C
0.0010298416,D
0.001101384,E
0.0014716404,G
0.0016027472,H
0.00028032906,I
0.00029574166,J
0.0010724188,K
0.005471626,L
0.0005241364,M
0.97905284,PoseBad
