Probability,Class
0.1994531,A
0.0063150027,B
0.00015514273,C
0.00056466967,D
0.00057105586,E
0.0038873393,G
0.001202953,H
0.00063593866,I
0.00031120903,J
0.0004370571,K
0.00027481536,L
0.0009182365,M
0.7852735,PoseBad
