Probability,Class
0.20879212,A
0.026166672,B
0.0013306261,C
0.00095070485,D
0.00067512284,E
0.0029334626,G
0.0024528052,H
0.00109512,I
0.005112826,J
0.0008452084,K
0.00059055095,L
0.001581773,M
0.7474729,PoseBad
