Probability,Class
0.00030497203,A
0.000815949,B
4.4414846e-05,C
8.126714e-05,D
3.4596585e-05,E
0.0005793117,G
0.00018108274,H
0.00010183437,I
6.59469e-05,J
7.235539e-05,K
7.686374e-06,L
0.00056504854,M
0.9971456,PoseBad
