Probability,Class
0.0013482503,A
0.0003243045,B
0.00044670765,C
0.00017245609,D
0.00019974183,E
0.003636962,G
0.0013021865,H
0.00019775865,I
0.014304532,J
0.00040866627,K
8.761338e-05,L
6.294663e-05,M
0.977508,PoseBad
