Probability,Class
0.00032316998,A
0.0067897188,B
0.001211456,C
0.0010177349,D
0.0020937473,E
0.0039390917,G
0.041983373,H
0.006446186,I
0.0003846707,J
0.00080583856,K
0.0017087266,L
0.001508499,M
0.9317879,PoseBad
