Probability,Class
0.00041202575,A
0.009599494,B
1.8675746e-05,C
0.00042292228,D
0.00012312402,E
8.6727094e-05,G
7.31831e-05,H
0.00031244228,I
0.00013954412,J
0.00051532476,K
0.00042199562,L
0.00026455632,M
0.98760986,PoseBad
