Probability,Class
0.00062039803,A
0.006897215,B
0.0002486018,C
0.00053269364,D
0.003742332,E
0.0008683132,G
0.00015200899,H
0.00266886,I
5.4023363e-05,J
0.006130945,K
0.00024636884,L
0.00022612583,M
0.977612,PoseBad
