Probability,Class
0.0027408807,A
0.0008552189,B
0.0009409436,C
0.96900046,D
0.0007334746,E
0.00028650905,G
0.0031459557,H
0.003289195,I
0.009024139,J
0.0050449767,K
0.0018714531,L
0.00037804933,M
0.0026888314,PoseBad
