Probability,Class
8.830406e-05,A
0.0010202508,B
0.00014780153,C
5.819185e-05,D
4.038631e-05,E
0.00019838613,G
0.00014717462,H
1.668586e-05,I
1.6579474e-05,J
8.0975115e-05,K
4.3141037e-05,L
0.9979488,M
0.00019341386,PoseBad
