Probability,Class
0.00010625577,A
0.0028746808,B
0.00015976108,C
5.0504736e-05,D
9.0053494e-05,E
0.000184702,G
0.00014910255,H
1.8819095e-05,I
1.5809981e-05,J
0.00015762326,K
4.136099e-05,L
0.99591297,M
0.00023830587,PoseBad
