Probability,Class
0.00064978446,A
4.3698125e-05,B
0.0015743481,C
0.0010149286,D
0.00076125306,E
0.0037173668,G
0.9710843,H
0.00035179532,I
0.003171026,J
0.0032844588,K
0.00016059988,L
0.0015069406,M
0.012679477,PoseBad
