Probability,Class
0.007577193,A
0.0033329127,B
0.0003754094,C
0.00051244604,D
0.004321826,E
0.0135562075,G
0.00082577474,H
0.0064157154,I
0.00094401365,J
0.00068557035,K
0.000100778416,L
0.00078100327,M
0.9605712,PoseBad
