Probability,Class
0.0011326071,A
0.0019187467,B
0.0005025141,C
0.0006257135,D
0.0010807876,E
0.00022653458,G
0.0004001184,H
9.3303126e-05,I
0.00031803077,J
0.0008551984,K
0.0011634541,L
6.334604e-05,M
0.9916196,PoseBad
