Probability,Class
0.011608183,A
0.0063445778,B
0.0032424591,C
0.008091539,D
0.011370657,E
0.03593382,G
0.048822735,H
0.012087217,I
0.00065857597,J
0.03948172,K
0.000684695,L
0.008224898,M
0.81344885,PoseBad
