Probability,Class
0.0013136961,A
0.017533682,B
0.003157357,C
0.017645821,D
0.00030657128,E
0.00052627036,G
0.0020401853,H
0.0013444385,I
0.004766169,J
0.0016671728,K
0.004403429,L
0.012101385,M
0.9331938,PoseBad
