Probability,Class
0.018380605,A
0.0026753685,B
0.00069745345,C
0.0019798917,D
0.008943425,E
0.037050556,G
0.017864099,H
0.0014026385,I
0.06589511,J
0.0026401703,K
0.00278892,L
0.00087738724,M
0.8388044,PoseBad
