Probability,Class
0.00016897022,A
0.0048036063,B
0.0010297853,C
0.0008879374,D
0.002205406,E
0.0008586464,G
0.00036934816,H
0.03011274,I
0.00034122606,J
0.0028106032,K
0.00042469086,L
0.00035594738,M
0.9556311,PoseBad
