Probability,Class
5.7724843e-05,A
0.0009278209,B
0.000120068435,C
6.422548e-05,D
5.268242e-05,E
0.00036780728,G
1.0834691e-05,H
8.427795e-06,I
4.2433066e-06,J
5.436438e-05,K
1.6209546e-05,L
0.9982743,M
4.1161416e-05,PoseBad
