Probability,Class
0.998357,A
8.148009e-05,B
5.0150295e-05,C
0.00019113679,D
4.2605858e-05,E
0.00013093613,G
1.859623e-05,H
4.4142653e-05,I
0.00013945671,J
0.00029723678,K
4.257463e-05,L
2.346103e-05,M
0.00058121455,PoseBad
