Probability,Class
0.0008386258,A
0.00010700278,B
0.00010998515,C
0.00024729036,D
0.00010780725,E
0.00026168386,G
0.001394759,H
7.252913e-05,I
0.012088893,J
0.00023780412,K
0.00015003582,L
2.656133e-05,M
0.98435706,PoseBad
