Probability,Class
0.00026576346,A
0.00014062553,B
0.0009870838,C
0.00093185104,D
0.0012628124,E
0.0025841265,G
0.9792159,H
0.0006537657,I
0.00085862755,J
0.0019345393,K
0.00015093928,L
0.00020920699,M
0.010804801,PoseBad
