Probability,Class
0.0037227003,A
0.006676965,B
0.0006349786,C
0.009398204,D
0.00042267845,E
0.0016298317,G
0.0051024784,H
0.017378341,I
0.0023816046,J
0.0011106964,K
0.00050479337,L
0.003132158,M
0.9479045,PoseBad
