Probability,Class
0.00013266639,A
5.5478056e-05,B
7.178942e-05,C
0.00042265435,D
0.0006342628,E
0.00043465378,G
0.0001614703,H
8.008063e-05,I
5.1466395e-06,J
0.003792541,K
4.1649314e-06,L
8.941963e-06,M
0.99419606,PoseBad
