Probability,Class
0.00018518994,A
0.00011776239,B
0.00092073635,C
0.00024018029,D
0.00025981077,E
0.013639719,G
0.0018736209,H
0.00064886076,I
0.00021511603,J
0.0004894074,K
2.1192782e-06,L
0.000737037,M
0.98067045,PoseBad
