Probability,Class
0.016164057,A
0.0016155804,B
0.00035166222,C
0.0004131539,D
0.0021583175,E
0.0010290248,G
0.003373748,H
0.003162423,I
0.0014635904,J
0.00041131873,K
0.00028174836,L
0.0009478302,M
0.9686275,PoseBad
