Probability,Class
0.0003042442,A
0.0015114858,B
0.00031975535,C
0.00033336703,D
5.6572142e-05,E
0.00036749564,G
0.0015720061,H
2.6356327e-05,I
6.4477936e-06,J
0.00042566156,K
0.00012882927,L
0.0003632653,M
0.9945846,PoseBad
