Probability,Class
0.9976162,A
0.00011141509,B
7.013178e-05,C
0.00046235442,D
3.976448e-05,E
0.00019604147,G
2.6875425e-05,H
3.3371016e-05,I
0.00022102115,J
0.00024907422,K
4.2370993e-05,L
2.257787e-05,M
0.0009089229,PoseBad
