Probability,Class
0.005037439,A
0.015527374,B
9.51891e-05,C
0.00026998128,D
0.00027916706,E
0.00034793152,G
0.00047508095,H
5.4354914e-05,I
0.00086208986,J
0.0001667237,K
0.0007624193,L
0.00012884146,M
0.9759936,PoseBad
