Probability,Class
0.0006601042,A
0.0047328016,B
0.0018397613,C
0.0010025625,D
3.2861408e-05,E
0.0010281936,G
0.0003639861,H
0.00028040746,I
0.0027661107,J
0.00043945844,K
0.00022194287,L
0.93041164,M
0.056220256,PoseBad
