Probability,Class
0.00014897293,A
0.00011889137,B
0.00015981503,C
9.73107e-05,D
0.0002464142,E
0.0005369551,G
0.0011162704,H
0.00011684838,I
0.0074043144,J
7.381401e-05,K
9.803745e-05,L
7.465818e-05,M
0.98980767,PoseBad
