Probability,Class
0.00022685903,A
0.0031969654,B
0.0017001169,C
0.0010532745,D
0.00065366284,E
0.009875819,G
0.00075051887,H
0.0019329278,I
0.00010447779,J
0.005374282,K
9.5786556e-05,L
0.0011551917,M
0.9738801,PoseBad
