Probability,Class
0.0007459493,A
0.0004599457,B
0.00048993825,C
0.0035915652,D
0.018926192,E
0.00010924158,G
0.019603368,H
0.0013449335,I
0.00082281197,J
0.00089279714,K
0.0065171653,L
0.0003169371,M
0.9461793,PoseBad
