Probability,Class
0.0010569297,A
0.0036059695,B
0.0024474964,C
0.00070772786,D
0.0014744387,E
0.026401097,G
0.0016807292,H
0.0026576773,I
0.00023425352,J
0.0012582392,K
0.0036037504,L
0.0011776974,M
0.9536939,PoseBad
