Probability,Class
0.0017464734,A
0.00088196545,B
0.0004986316,C
0.0011819185,D
0.0034787946,E
0.0009785598,G
0.0024152698,H
0.0023976834,I
0.0010399428,J
0.00081379974,K
0.00016050093,L
0.00012742146,M
0.9842791,PoseBad
