Probability,Class
0.99766624,A
8.673745e-05,B
8.881952e-05,C
0.00046265242,D
4.1343494e-05,E
0.00023508731,G
2.5280604e-05,H
4.045219e-05,I
0.00025911545,J
0.00015568892,K
4.4757235e-05,L
1.9741445e-05,M
0.00087404606,PoseBad
