Probability,Class
0.00044293766,A
0.0030138523,B
0.00018315422,C
0.00044737657,D
0.0008167988,E
0.0013506168,G
2.8607574e-05,H
9.682387e-05,I
0.002444855,J
0.00094977894,K
4.7117854e-05,L
0.00021376721,M
0.9899643,PoseBad
