Probability,Class
0.0008477522,A
0.00061281264,B
3.1515963e-05,C
6.93831e-05,D
0.00023891388,E
0.00018836287,G
5.3853244e-05,H
0.00022755921,I
3.4900397e-05,J
0.00048442924,K
4.4192897e-05,L
1.6103704e-05,M
0.99715024,PoseBad
