Probability,Class
0.000705152,A
0.0003401691,B
0.0005553842,C
0.9955487,D
0.00031471273,E
2.8816206e-05,G
0.00021260073,H
0.00016821262,I
0.0006321159,J
0.0010405283,K
0.00022831166,L
0.00014702888,M
7.828322e-05,PoseBad
