Probability,Class
0.0052320193,A
0.041079205,B
0.0012922299,C
0.0008876624,D
0.002534514,E
0.006276896,G
0.0011026796,H
0.00088543794,I
0.008881251,J
0.00094193994,K
0.0003534595,L
0.008402356,M
0.92213035,PoseBad
