Probability,Class
0.0007762026,A
0.018950246,B
0.00016718075,C
0.00018497513,D
5.0086783e-05,E
3.565786e-05,G
9.5332965e-05,H
0.00010034983,I
4.1100306e-05,J
0.00010153215,K
0.00020071604,L
0.0003651567,M
0.9789315,PoseBad
