Probability,Class
4.3309807e-05,A
1.6531714e-05,B
8.294791e-05,C
3.690288e-05,D
4.494206e-05,E
0.00019680946,G
5.0259903e-05,H
4.420582e-05,I
6.478832e-05,J
4.1473937e-05,K
1.9435847e-05,L
0.00034094826,M
0.99901736,PoseBad
