Probability,Class
0.015314361,A
0.03860941,B
0.015581053,C
0.04135215,D
0.008294663,E
0.0065065213,G
0.0057683433,H
0.008007024,I
0.010490968,J
0.02483591,K
0.009374811,L
0.0059647923,M
0.8098999,PoseBad
