Probability,Class
2.7177897e-05,A
2.4683934e-05,B
2.378356e-05,C
2.7548502e-05,D
0.00023274471,E
0.00010556362,G
1.6147122e-05,H
5.0932762e-05,I
1.3401058e-05,J
0.0009705316,K
2.331982e-06,L
2.911256e-05,M
0.9984761,PoseBad
