Probability,Class
0.00040500026,A
0.0016915963,B
0.00021929569,C
0.00012466454,D
0.00024697164,E
0.000731433,G
0.00781978,H
0.000406643,I
9.562848e-05,J
0.00019006082,K
5.4893975e-05,L
9.578547e-05,M
0.9879183,PoseBad
