Probability,Class
0.9959209,A
0.00017274478,B
9.331038e-05,C
0.0003377197,D
6.891841e-05,E
0.00015577745,G
4.7699476e-05,H
4.0722363e-05,I
0.00045098874,J
0.00027768398,K
0.00011746784,L
4.105655e-05,M
0.0022750627,PoseBad
