Probability,Class
1.410444e-05,A
0.00024073287,B
9.095918e-05,C
5.851282e-05,D
0.0001386897,E
0.0007459061,G
0.0010046108,H
2.6527263e-05,I
1.2509016e-05,J
0.00066563406,K
1.0243916e-06,L
3.195578e-05,M
0.9969688,PoseBad
