Probability,Class
0.0012906892,A
0.00052464544,B
0.0009638389,C
9.874365e-05,D
0.00051322766,E
0.0030526526,G
0.0033098632,H
0.0010316118,I
0.0005861484,J
0.00012735286,K
0.00096706144,L
0.00016165804,M
0.9873726,PoseBad
