Probability,Class
0.00021321062,A
0.0004191325,B
0.0006835563,C
0.0060818996,D
0.020394173,E
0.000394615,G
0.0035664334,H
0.00039644216,I
0.00030647503,J
0.0045056413,K
0.000118111144,L
0.00091982464,M
0.9620004,PoseBad
