Probability,Class
0.9976221,A
9.118654e-05,B
9.192268e-05,C
0.0005160983,D
4.4122866e-05,E
0.00022386978,G
2.3268663e-05,H
3.941431e-05,I
0.00024715858,J
0.00015496435,K
4.190345e-05,L
1.966466e-05,M
0.000884377,PoseBad
