Probability,Class
0.000905989,A
0.00026605462,B
0.00027580926,C
0.00041146184,D
0.0011940838,E
0.0019001821,G
0.9919111,H
0.00017670925,I
0.0006215505,J
0.00025972002,K
0.00010121251,L
0.00054833014,M
0.001427824,PoseBad
