Probability,Class
0.00015504796,A
0.00027899878,B
3.7979004e-05,C
0.0005872643,D
0.0023059004,E
1.7171355e-05,G
6.933837e-05,H
5.9923117e-05,I
0.00045895163,J
0.0003316847,K
0.00045849534,L
3.5129557e-05,M
0.9952042,PoseBad
