Probability,Class
0.00013142156,A
0.000104953724,B
0.0008236258,C
0.000334021,D
0.0004505655,E
0.0028431884,G
0.990724,H
0.00016167147,I
0.0008210637,J
0.00034766074,K
0.0011442838,L
0.0006916268,M
0.0014218654,PoseBad
