Probability,Class
0.0027817457,A
0.025096454,B
0.0016052014,C
0.002474577,D
0.00043945704,E
0.008274954,G
0.022720994,H
0.0047973217,I
0.004430721,J
0.00058797834,K
0.0013645694,L
0.0018187666,M
0.92360723,PoseBad
