Probability,Class
0.001678079,A
0.0043602167,B
0.0002878826,C
0.002520211,D
0.0009888941,E
0.00027631116,G
0.0032387166,H
0.0010080922,I
0.0041518495,J
0.00039845388,K
0.001495841,L
0.002642877,M
0.97695255,PoseBad
