Probability,Class
0.0002913734,A
0.00047149113,B
0.00023156792,C
0.0001758203,D
0.00066121714,E
0.991683,G
0.00036386875,H
0.00044641588,I
0.0018300719,J
0.00047216294,K
0.0005639968,L
0.00021048456,M
0.002598504,PoseBad
