Probability,Class
0.000536249,A
0.00032594142,B
0.0018125756,C
0.00047981157,D
0.028141882,E
0.00037643086,G
0.0007330648,H
0.006532754,I
0.005894924,J
0.00046998612,K
0.0012795732,L
0.000103813254,M
0.953313,PoseBad
