Probability,Class
0.00026592417,A
0.0002439443,B
0.0013309802,C
0.0015199176,D
0.00039306254,E
0.0070372,G
0.98133975,H
0.00020980455,I
0.0014755169,J
0.0006810444,K
0.00048775275,L
0.0012005091,M
0.0038144863,PoseBad
