Probability,Class
0.0135256285,A
0.0286302,B
0.00047849797,C
0.00022608865,D
0.00062973425,E
0.0025681225,G
0.001147492,H
0.00046662457,I
0.0016759898,J
0.00078201987,K
0.00022436901,L
6.7998095e-05,M
0.9495772,PoseBad
