Probability,Class
0.000411321,A
0.0003260483,B
0.00012876983,C
0.9952897,D
0.00012807077,E
0.00016483583,G
0.00023471145,H
0.0001376131,I
0.000488967,J
0.0019578622,K
7.249287e-05,L
0.00016379266,M
0.00049586117,PoseBad
