Probability,Class
0.0014119002,A
0.043046873,B
0.00012343214,C
0.00013085037,D
0.00011443434,E
0.00045774807,G
0.00055571005,H
0.00020447282,I
0.000790261,J
0.00033105994,K
0.0003208561,L
0.00014425078,M
0.95236814,PoseBad
