Probability,Class
0.00062550744,A
0.00895873,B
0.000415637,C
0.00038066064,D
0.00087467994,E
0.012864156,G
0.0036994678,H
0.0015369517,I
0.0015326133,J
0.025067775,K
8.717161e-05,L
0.0027700942,M
0.9411865,PoseBad
