Probability,Class
0.0018607988,A
0.00017620184,B
0.00042805471,C
0.00031238524,D
0.00017263647,E
0.0004063457,G
0.001113649,H
0.0002521581,I
0.00031416886,J
2.2073584e-05,K
0.000108422166,L
0.00019322203,M
0.99463993,PoseBad
