Probability,Class
0.0014262388,A
0.12680021,B
0.0068023973,C
0.00067912973,D
0.0076737856,E
0.0031531798,G
0.012921939,H
0.015072576,I
0.007890073,J
0.003643699,K
0.057334576,L
0.08765723,M
0.6689449,PoseBad
