Probability,Class
0.00034812998,A
0.0001754588,B
0.00012050922,C
0.00018640996,D
0.0009060043,E
0.0004135301,G
0.00027687437,H
0.00022275228,I
0.0003578235,J
5.1024577e-05,K
0.00027329323,L
0.000107673965,M
0.99656063,PoseBad
