Probability,Class
0.9658409,A
0.0005321713,B
0.00041251868,C
0.0009249846,D
5.646797e-05,E
0.00069170666,G
0.00045653578,H
0.00015460962,I
0.0003377777,J
0.00041040912,K
0.00023532384,L
8.852477e-05,M
0.029858023,PoseBad
