Probability,Class
0.0006600942,A
0.096050106,B
0.0013014666,C
0.0040057343,D
0.013559329,E
0.011833856,G
0.014987277,H
0.0040731328,I
0.00023816935,J
0.0035922548,K
0.0066957194,L
0.005660251,M
0.8373426,PoseBad
