Probability,Class
0.0007276135,A
9.805547e-05,B
0.0006780173,C
8.9292356e-05,D
0.006730243,E
0.00028782338,G
0.00045915597,H
0.0004547617,I
4.122614e-05,J
0.0003616727,K
0.0003225151,L
0.00023019436,M
0.9895195,PoseBad
