Probability,Class
0.000983424,A
0.00044666274,B
0.0011330616,C
0.0013947047,D
0.0013663064,E
0.0032380344,G
0.97271335,H
0.00045926057,I
0.0066224122,J
0.002011811,K
0.00021034123,L
0.0035358828,M
0.005884762,PoseBad
