Probability,Class
0.00058300176,A
0.0050213244,B
0.00072688644,C
0.0015351286,D
0.0020527318,E
0.0008884808,G
0.0021748547,H
0.008117125,I
0.00027481676,J
0.0023429948,K
0.96262527,L
0.006550869,M
0.007106633,PoseBad
