Probability,Class
0.00019985095,A
0.00082779024,B
7.0741335e-05,C
0.0029943972,D
0.0023407075,E
4.43751e-05,G
8.5775246e-05,H
0.00053580216,I
0.0011542024,J
0.0014801205,K
0.0004780009,L
0.0001116501,M
0.98967665,PoseBad
