Probability,Class
0.0014144416,A
0.0031466153,B
0.00010728084,C
0.00020964423,D
0.00057643454,E
0.0013282452,G
0.00044183937,H
0.00014066367,I
0.0018925037,J
9.885059e-05,K
0.00044111835,L
0.00015844047,M
0.9900439,PoseBad
