Probability,Class
0.99782664,A
0.00019932954,B
5.0441482e-05,C
0.00026504588,D
1.3031505e-05,E
8.0552854e-05,G
0.00010564366,H
4.0858613e-05,I
0.0001775867,J
0.0001992822,K
2.414982e-05,L
4.1871932e-05,M
0.0009755707,PoseBad
