Probability,Class
0.003601579,A
0.00022306193,B
0.00027196502,C
7.931771e-05,D
0.00014524304,E
0.00017311846,G
4.2896518e-05,H
6.244824e-05,I
7.776814e-05,J
5.1144256e-05,K
7.065443e-05,L
6.8914465e-05,M
0.99513185,PoseBad
