Probability,Class
0.038527075,A
0.006166685,B
0.0001955052,C
0.0008517531,D
0.00089133956,E
0.00062462816,G
0.0013280908,H
0.0014107769,I
0.0017048357,J
0.0011474546,K
0.0002518684,L
0.0011721321,M
0.94572794,PoseBad
