Probability,Class
0.0052901097,A
0.00071281847,B
0.00049199327,C
0.0005493418,D
0.0024480775,E
0.007953544,G
0.00026365573,H
0.0014566501,I
6.591079e-05,J
0.0012395816,K
2.233582e-05,L
0.00017734939,M
0.97932863,PoseBad
