Probability,Class
0.00018668085,A
0.0006056151,B
8.3591454e-05,C
0.00044596568,D
0.00045997626,E
0.993863,G
0.000114082206,H
0.0005458635,I
0.0002709146,J
0.00011670375,K
0.0002772027,L
0.00064152945,M
0.0023888482,PoseBad
