Probability,Class
0.00027205332,A
0.0006647501,B
0.0017271986,C
0.007111366,D
0.0035600006,E
0.0010170942,G
0.00035000782,H
0.9772918,I
0.0004270746,J
0.0047285636,K
0.001297994,L
0.0005851896,M
0.0009667589,PoseBad
