Probability,Class
0.99749386,A
0.00010303046,B
6.195842e-05,C
0.0003729949,D
2.940047e-05,E
0.00022547014,G
2.6278442e-05,H
4.0855157e-05,I
0.00023631277,J
0.00036065487,K
4.421458e-05,L
2.8971639e-05,M
0.00097600743,PoseBad
