Probability,Class
0.004223321,A
0.059559315,B
0.0006814755,C
8.55322e-05,D
0.00011838616,E
0.0002905712,G
0.00048378264,H
6.260564e-05,I
0.0002982362,J
9.435688e-05,K
0.0003100128,L
0.0052144863,M
0.92857796,PoseBad
