Probability,Class
0.0008975243,A
0.00058174523,B
0.0045917365,C
0.00023239857,D
0.001290145,E
0.10659367,G
0.0040687434,H
0.0035828734,I
3.295459e-05,J
0.02310228,K
0.000108987544,L
0.00029877317,M
0.8546182,PoseBad
