Probability,Class
0.021708742,A
0.03971651,B
0.000103580285,C
0.00010438411,D
0.00020180618,E
0.00029301838,G
0.00023721841,H
0.00038778133,I
0.0004011832,J
0.0016092177,K
0.00024835631,L
0.0003848234,M
0.93460345,PoseBad
