Probability,Class
0.0009086529,A
0.03502978,B
0.0006495038,C
0.0034806805,D
0.0011836801,E
0.002447224,G
0.007126438,H
0.00059790973,I
0.00018167096,J
0.0030054643,K
0.00023869291,L
0.0034254612,M
0.94172484,PoseBad
