Probability,Class
0.099589884,A
0.0052975067,B
0.00018927864,C
0.00051904726,D
0.0001580493,E
0.002863701,G
0.00067683484,H
0.00059896,I
0.0015400364,J
0.0008387178,K
0.0005461059,L
0.0005022773,M
0.88667953,PoseBad
