Probability,Class
0.002912618,A
0.00964294,B
0.00033608972,C
0.0015674464,D
0.00019950264,E
0.00044278227,G
0.0011202183,H
0.00012670412,I
0.0001547855,J
0.001720018,K
0.00056280755,L
0.0030313137,M
0.9781828,PoseBad
