Probability,Class
0.00096892845,A
0.0016666027,B
6.634053e-05,C
4.746595e-05,D
0.00027509214,E
0.0002370972,G
7.4370815e-05,H
0.0003674442,I
0.00029801767,J
0.00033211318,K
5.957693e-05,L
3.0879997e-05,M
0.995576,PoseBad
