Probability,Class
0.00070918177,A
0.0004182918,B
0.00023603249,C
0.001311321,D
0.0020956828,E
0.0010526521,G
0.00087369187,H
0.000329248,I
0.0005120856,J
0.0012637567,K
0.00095219526,L
0.0005846799,M
0.9896611,PoseBad
