Probability,Class
0.003443892,A
0.0017205942,B
0.0010151075,C
0.0019354646,D
0.001380344,E
0.009686572,G
0.9301401,H
0.0015901797,I
0.023997534,J
0.00087128556,K
0.0011569686,L
0.003611263,M
0.019450722,PoseBad
