Probability,Class
0.0041498006,A
0.014771728,B
0.0006882383,C
0.0007049473,D
0.00016630164,E
0.0008670569,G
0.00011927406,H
0.00016023956,I
0.0015436595,J
0.00012938029,K
0.00023537254,L
9.691809e-05,M
0.97636706,PoseBad
