Probability,Class
0.00023587227,A
0.00036135828,B
0.00068543415,C
4.028105e-05,D
0.0014087055,E
0.41111523,G
0.020840993,H
0.0019695843,I
4.0070703e-05,J
0.009542753,K
0.0006055561,L
0.0023663687,M
0.55078787,PoseBad
