Probability,Class
8.773651e-05,A
0.00040343264,B
5.2462154e-05,C
0.0003662276,D
0.00027814772,E
0.000498655,G
6.1013896e-05,H
0.0004825416,I
4.536092e-05,J
0.00037519837,K
6.0738654e-05,L
2.3944847e-05,M
0.9972645,PoseBad
