Probability,Class
5.9630197e-06,A
0.0011192446,B
5.6167944e-05,C
2.6683118e-05,D
0.00014860071,E
9.029352e-06,G
0.0001554943,H
3.6915e-05,I
2.647201e-05,J
0.00015998255,K
0.00063264405,L
6.2689396e-05,M
0.99756,PoseBad
