Probability,Class
0.00026552513,A
0.0007164548,B
0.00032032508,C
0.00035954066,D
0.0001693438,E
0.0003181234,G
0.003136258,H
0.0026222041,I
0.00011915949,J
0.0003818537,K
0.00016784017,L
0.00026289432,M
0.99116045,PoseBad
