Probability,Class
0.99331784,A
0.00019671425,B
0.00016056145,C
0.00046825234,D
6.6109555e-05,E
0.00040466743,G
9.627951e-05,H
4.8582675e-05,I
0.0011727394,J
0.0003312632,K
0.00012301216,L
5.7042307e-05,M
0.0035567887,PoseBad
