Probability,Class
0.0005868735,A
0.0024148813,B
0.0012191852,C
0.0004590123,D
0.0053490736,E
0.004947974,G
0.00067790895,H
0.001079317,I
0.014600499,J
0.0012711975,K
0.0016893182,L
0.00039267956,M
0.96531206,PoseBad
