Probability,Class
0.0013596753,A
0.0001817876,B
9.6561496e-05,C
0.00017382164,D
1.4422823e-05,E
0.00010003254,G
0.00037993083,H
8.700066e-05,I
0.00017377058,J
0.00044705527,K
5.2153077e-06,L
8.000856e-05,M
0.9969009,PoseBad
