Probability,Class
0.0016635428,A
7.493085e-05,B
0.00017276891,C
4.1967753e-05,D
0.00028925124,E
0.038974047,G
0.0007284248,H
0.00013160988,I
0.00015578153,J
0.0006439629,K
1.765762e-05,L
0.00013398069,M
0.956972,PoseBad
