Probability,Class
0.022112632,A
0.014079418,B
0.0005943899,C
0.00012971327,D
0.0010192478,E
0.00751322,G
0.0029893292,H
0.0008797391,I
0.0053978125,J
0.00038958318,K
0.0014627486,L
0.0012506077,M
0.9421816,PoseBad
