Probability,Class
0.00030370778,A
0.00016806474,B
0.0002666813,C
0.00034522353,D
0.0002796644,E
0.000119452816,G
0.0001107073,H
0.00014258518,I
4.8475307e-05,J
6.9193615e-05,K
0.0004390511,L
0.00060994877,M
0.99709725,PoseBad
