Probability,Class
0.00018065747,A
0.00055718137,B
0.0014673098,C
0.00020082139,D
0.0010072965,E
0.0018408813,G
0.0016357428,H
0.00065274804,I
0.0049583637,J
0.00054173294,K
0.0010119592,L
0.00015963474,M
0.98578566,PoseBad
