Probability,Class
0.0002179906,A
0.0020248229,B
0.00031085795,C
0.00026359138,D
0.0014373913,E
0.00033052778,G
4.433984e-05,H
0.00011284521,I
0.0021955443,J
0.00022205722,K
0.00029044866,L
1.9942427e-05,M
0.9925296,PoseBad
