Probability,Class
0.009205003,A
0.0043537873,B
0.120317735,C
0.018103955,D
0.5305393,E
0.022167724,G
0.057440873,H
0.01228976,I
0.09431118,J
0.012212831,K
0.11767026,L
0.0010582019,M
0.00032950254,PoseBad
