Probability,Class
0.001142526,A
0.0011516039,B
2.4493587e-05,C
3.846729e-05,D
1.0855828e-05,E
0.00018033083,G
9.26069e-05,H
3.3467975e-05,I
0.0003736643,J
5.199742e-05,K
3.713743e-05,L
5.3982156e-05,M
0.99680895,PoseBad
