Probability,Class
0.00011932508,A
0.00026795603,B
0.00022627751,C
0.00023817961,D
0.0054412205,E
0.04183317,G
0.00069156836,H
0.0017163231,I
0.0009045604,J
0.0010379049,K
0.0018642055,L
0.00017238615,M
0.94548696,PoseBad
