Probability,Class
8.999595e-05,A
0.002320849,B
0.0005412027,C
0.00019648376,D
0.0011807602,E
0.0017053565,G
0.0002712606,H
0.0017815818,I
0.00018739513,J
0.0007122848,K
0.98905724,L
0.00083102216,M
0.0011245874,PoseBad
