Probability,Class
7.0046925e-05,A
0.00011584249,B
2.292051e-05,C
7.5018806e-06,D
0.00059497176,E
0.0006511866,G
0.00018472162,H
0.00019349468,I
8.787381e-06,J
0.0002068936,K
0.00044317063,L
0.0003126298,M
0.9971878,PoseBad
