Probability,Class
8.9475216e-05,A
0.070447415,B
0.00026196626,C
1.2738822e-05,D
0.000452848,E
0.00033623725,G
0.00035906475,H
0.0007656747,I
0.00034268407,J
0.0012581906,K
0.00044064014,L
0.00023912611,M
0.92499393,PoseBad
