Probability,Class
0.00015123388,A
0.0014869466,B
0.0002527498,C
0.00040315805,D
0.0001243615,E
0.00015193672,G
0.00035273228,H
0.00048462316,I
1.8924879e-05,J
0.00031381095,K
0.00019949797,L
0.0015815978,M
0.99447846,PoseBad
