Probability,Class
3.4976943e-05,A
0.00023945388,B
0.00041870706,C
0.00034433216,D
0.00033452685,E
0.008214336,G
0.0008158896,H
0.00014259866,I
0.00030092217,J
0.0005667149,K
0.00025778025,L
0.00012821492,M
0.98820156,PoseBad
