Probability,Class
0.00043376043,A
0.00028375172,B
0.00020049182,C
0.9965888,D
0.00039230683,E
3.1656527e-05,G
0.00024759537,H
0.00016083581,I
0.0008791808,J
0.00034664467,K
0.00011832335,L
0.000104654166,M
0.00021196502,PoseBad
