Probability,Class
0.0012618181,A
0.018079374,B
0.0005345308,C
0.00035020715,D
0.002158033,E
0.0047696307,G
0.024196366,H
0.002673378,I
0.0013367158,J
0.0017398681,K
0.0003160708,L
0.0012682206,M
0.9413159,PoseBad
