Probability,Class
1.6156862e-05,A
0.00038266715,B
6.651502e-05,C
0.00020459933,D
2.3136687e-05,E
8.076798e-05,G
0.0010383958,H
9.241674e-05,I
0.00036482056,J
9.98745e-05,K
0.0016916988,L
0.99429554,M
0.0016434572,PoseBad
