Probability,Class
0.0005704732,A
0.0008779214,B
0.0005001592,C
0.00044010946,D
8.1050865e-05,E
0.00016074449,G
0.0051900884,H
9.642108e-05,I
3.528738e-05,J
0.00010172108,K
5.409581e-06,L
0.0026306177,M
0.98931,PoseBad
