Probability,Class
0.00028453575,A
0.0002654564,B
0.00015710935,C
0.99714714,D
0.00043694378,E
2.8258912e-05,G
0.00021982753,H
0.00017404622,I
0.00035956633,J
0.00047838915,K
0.00014385645,L
3.748642e-05,M
0.00026751746,PoseBad
