Probability,Class
0.060115628,A
0.1561941,B
0.0011108227,C
0.013474452,D
0.001934394,E
0.002263279,G
0.0011216183,H
0.00023713746,I
0.004651875,J
0.0021312851,K
0.0018920597,L
0.0008727537,M
0.7540006,PoseBad
