Probability,Class
0.0051997895,A
0.010862882,B
0.001600776,C
0.0017208707,D
0.001275082,E
0.00043583498,G
0.008518831,H
0.0011417146,I
0.010255959,J
0.00012891775,K
0.0010576342,L
0.0037978855,M
0.9540038,PoseBad
