Probability,Class
0.005258857,A
0.004162618,B
0.00040330572,C
0.00062061555,D
7.015959e-05,E
0.0003021721,G
0.00010985157,H
0.00035876123,I
0.00059199164,J
0.00028594048,K
6.661316e-05,L
0.00016274756,M
0.98760647,PoseBad
