Probability,Class
0.9971865,A
0.00012526917,B
6.9261536e-05,C
0.00037336122,D
3.6959853e-05,E
0.0002518779,G
2.7008397e-05,H
3.875628e-05,I
0.00026739587,J
0.00044025376,K
5.1686104e-05,L
2.9895e-05,M
0.0011017376,PoseBad
