Probability,Class
0.00014283972,A
0.0014760266,B
0.0005099589,C
0.0005713472,D
0.00023777591,E
0.00016031164,G
0.0023060772,H
0.001266126,I
0.00022347292,J
0.0004764036,K
0.0002861022,L
0.00030988263,M
0.99203354,PoseBad
