Probability,Class
0.0016612803,A
0.00058523455,B
1.7624776e-05,C
5.412039e-05,D
3.7354588e-05,E
0.00011753992,G
0.0004784503,H
3.473771e-05,I
7.5087715e-05,J
1.9567879e-05,K
4.4172324e-05,L
6.3376688e-06,M
0.99686855,PoseBad
