Probability,Class
0.0060635745,A
0.0048667877,B
0.00030062877,C
0.008218001,D
0.01011314,E
0.0002597996,G
0.0016192152,H
0.001976624,I
0.003995482,J
0.005107607,K
0.0012607286,L
0.00029021988,M
0.95592815,PoseBad
