Probability,Class
0.0006788351,A
0.026571177,B
0.00095176935,C
0.00032835995,D
0.0007174517,E
0.0019227992,G
0.020803934,H
0.001828702,I
0.0003190266,J
0.001282801,K
0.00010753475,L
0.003758694,M
0.94072896,PoseBad
