Probability,Class
0.0041767657,A
0.0014772086,B
0.0008399176,C
0.0005809628,D
0.00046272782,E
0.00075169693,G
0.00035071003,H
6.6068846e-05,I
0.00018318745,J
0.00037515303,K
0.00033115334,L
0.00014806096,M
0.9902563,PoseBad
