Probability,Class
0.00010988072,A
0.0002909685,B
0.001721258,C
0.00012872639,D
0.0012742358,E
0.001511967,G
0.00071153836,H
0.00036954135,I
0.0003075762,J
0.001393755,K
0.0010159457,L
5.3725715e-05,M
0.9911109,PoseBad
