Probability,Class
0.0018313247,A
0.0020218873,B
6.586883e-05,C
0.0001651243,D
0.00021639121,E
0.0007104288,G
0.0002736266,H
0.00024333372,I
0.00012457366,J
0.0008614326,K
6.410625e-05,L
4.6395413e-05,M
0.9933755,PoseBad
