Probability,Class
0.0033810968,A
0.0016219416,B
0.0009932409,C
0.00016376303,D
0.0008307089,E
0.0015222817,G
0.0042941407,H
0.00017871754,I
0.00063770945,J
0.0012696664,K
0.00019951857,L
0.00047133223,M
0.9844359,PoseBad
