Probability,Class
0.0014143072,A
0.0007296744,B
0.00018483742,C
0.00046416128,D
0.0029812108,E
0.01309874,G
0.00021666866,H
0.00040065672,I
0.00032043486,J
0.0006288426,K
0.00024757604,L
0.00019828194,M
0.97911465,PoseBad
