Probability,Class
0.00862357,A
0.001415195,B
0.0004996476,C
0.0014731312,D
0.009358592,E
0.049307335,G
0.00056284165,H
0.0015973267,I
0.002099919,J
0.00071657705,K
0.0018544801,L
0.0010806656,M
0.92141074,PoseBad
