Probability,Class
0.0011053652,A
0.00071094726,B
6.612897e-05,C
3.667163e-05,D
0.00025412295,E
0.00019697892,G
0.00013646699,H
9.822901e-05,I
0.00012196233,J
0.00017359272,K
8.91206e-05,L
2.3723454e-05,M
0.9969867,PoseBad
