Probability,Class
0.00029065562,A
0.0010494217,B
0.00136803,C
0.0073723923,D
0.012995875,E
0.00028264502,G
0.016961684,H
0.001042877,I
0.000995057,J
0.0006827656,K
0.012971506,L
0.00019905098,M
0.9437882,PoseBad
