Probability,Class
0.0014857565,A
0.00020331563,B
0.0015465794,C
0.00028628355,D
0.0015482313,E
0.0039879996,G
0.8810098,H
0.00013214137,I
0.00297333,J
0.0031660548,K
5.056155e-05,L
0.0010694993,M
0.10254047,PoseBad
