Probability,Class
0.00076388376,A
0.05322829,B
0.00018423061,C
7.525631e-05,D
0.0004950271,E
0.00013979337,G
0.00041917097,H
0.0007689373,I
0.00044275538,J
0.00053421955,K
0.00040038524,L
0.00015506629,M
0.94239306,PoseBad
