Probability,Class
0.0049768775,A
0.011625066,B
0.0001379131,C
0.00059301686,D
0.008399703,E
0.42167133,G
0.0027010292,H
0.008932649,I
0.015078616,J
0.008355592,K
0.00014063453,L
0.0044426415,M
0.512945,PoseBad
