Probability,Class
0.00014571207,A
0.010168027,B
0.00048483015,C
0.00020080095,D
0.00041190168,E
0.0004288777,G
0.00091052154,H
0.00037812555,I
9.007516e-06,J
0.00048727344,K
0.000159318,L
0.00037410413,M
0.9858414,PoseBad
