Probability,Class
0.0046588257,A
0.0032882039,B
0.00032035724,C
0.000319375,D
0.00024078232,E
0.00025058514,G
0.0007463646,H
0.0002630692,I
0.0012338187,J
0.0022814723,K
0.00018754756,L
0.00011672891,M
0.986093,PoseBad
