Probability,Class
0.0035188387,A
0.038132932,B
0.0009075264,C
0.0003393226,D
0.00013692789,E
0.00021999358,G
0.00050009676,H
0.00054413563,I
0.00014650819,J
0.00031713868,K
0.0026689996,L
0.010921092,M
0.9416465,PoseBad
