Probability,Class
4.6154648e-05,A
0.0010965016,B
0.0005838318,C
0.00019036478,D
0.0031508147,E
0.0002529147,G
0.00015492112,H
0.009944801,I
0.00037495347,J
0.0014811273,K
0.0008168528,L
8.914826e-05,M
0.98181766,PoseBad
