Probability,Class
4.6893434e-05,A
0.0007542828,B
4.723883e-05,C
0.00016471469,D
7.400577e-05,E
1.3654734e-05,G
4.480491e-05,H
2.69985e-05,I
3.03671e-05,J
0.000115435476,K
4.0687944e-05,L
0.00010053723,M
0.9985404,PoseBad
