Probability,Class
0.001656083,A
0.02200204,B
0.0011339573,C
0.0030126097,D
0.00035116382,E
0.00029827395,G
0.00042862125,H
0.0011998325,I
0.00020813369,J
0.00016990244,K
0.00012101699,L
0.0005757963,M
0.96884257,PoseBad
