Probability,Class
0.006320774,A
0.002557039,B
0.00055131,C
0.0009881533,D
0.00070130354,E
0.0031681666,G
0.00088780664,H
0.00056308834,I
0.0014637785,J
0.00089284,K
0.00036701775,L
9.305718e-05,M
0.9814457,PoseBad
