Probability,Class
1.1353833e-05,A
0.00048309573,B
1.3733724e-05,C
1.5023651e-05,D
1.5668335e-05,E
1.9429057e-05,G
0.00010576394,H
3.678091e-05,I
3.6844456e-05,J
0.00014696042,K
1.22771235e-05,L
1.1721294e-05,M
0.99909127,PoseBad
