Probability,Class
6.036126e-05,A
0.0017963938,B
0.00037056455,C
0.0010832979,D
0.00027321474,E
0.00047135295,G
0.004003418,H
0.0019567674,I
0.0006718125,J
0.00032709318,K
0.0057759555,L
0.93830836,M
0.0449014,PoseBad
