Probability,Class
0.0012894,A
0.0011301746,B
0.00033092985,C
0.0003586914,D
0.011998844,E
0.011162878,G
0.00031967057,H
0.0012460675,I
0.00015802776,J
0.0061183483,K
0.000101450656,L
0.002547307,M
0.96323824,PoseBad
