Probability,Class
0.0023968476,A
0.0016237336,B
0.001743211,C
0.008829602,D
0.00058911386,E
0.03238441,G
0.01058783,H
0.0010846375,I
9.4146584e-05,J
0.0067249564,K
0.000281125,L
0.0043298486,M
0.92933047,PoseBad
