Probability,Class
0.0030562067,A
0.006081373,B
0.015256672,C
0.00043110273,D
0.008230196,E
0.003912276,G
0.095831014,H
0.0023640972,I
0.024635458,J
0.011843783,K
0.00052445085,L
0.0034416823,M
0.82439166,PoseBad
