Probability,Class
0.0018191764,A
0.0015152345,B
0.00048655528,C
0.001732242,D
0.0011014807,E
0.00292207,G
0.005028114,H
0.00016307528,I
0.0002589881,J
0.0030176423,K
0.00050805276,L
0.00022266165,M
0.9812247,PoseBad
