Probability,Class
0.08171357,A
0.004464281,B
0.0037707572,C
0.0029530206,D
0.0055384617,E
0.0020693024,G
0.011105562,H
0.0035174398,I
0.020949872,J
0.00020392696,K
0.0002973129,L
0.0016052524,M
0.86181116,PoseBad
