Probability,Class
0.00024914977,A
0.0005432051,B
0.00047336624,C
0.0010634167,D
0.9692844,E
0.0028448165,G
0.0019447329,H
0.0004222563,I
0.0026509047,J
0.0008675522,K
0.00190664,L
0.00020488403,M
0.017544812,PoseBad
