Probability,Class
0.0002608387,A
0.00015306156,B
0.0002964175,C
0.005160788,D
0.014902599,E
0.00019280438,G
0.030087873,H
0.0025593098,I
0.00033524403,J
0.00094074156,K
0.0027987151,L
0.00020195957,M
0.9421095,PoseBad
