Probability,Class
0.03578469,A
0.0004553477,B
0.00013672527,C
0.0003358875,D
0.00010675465,E
0.0005548927,G
0.00014888933,H
0.00014370285,I
0.00016153249,J
0.00024138611,K
0.00035173493,L
8.7575376e-05,M
0.96149087,PoseBad
