Probability,Class
0.99555236,A
0.0001658696,B
0.00010240246,C
0.00044233602,D
8.757434e-05,E
0.00029780515,G
7.188763e-05,H
4.208484e-05,I
0.000693879,J
0.0002992289,K
9.824066e-05,L
3.4077344e-05,M
0.002112303,PoseBad
