Probability,Class
0.004800498,A
0.012885309,B
3.81113e-05,C
8.69772e-05,D
0.00041685678,E
0.0012406206,G
0.00024549512,H
0.000905835,I
9.7115524e-05,J
0.00021579087,K
8.422067e-05,L
0.00025852045,M
0.97872466,PoseBad
