Probability,Class
0.0021703644,A
0.0013786812,B
0.00068795646,C
0.00027712816,D
0.0038455187,E
0.00090969313,G
0.001548441,H
0.0017262424,I
0.0018657122,J
0.00027793567,K
0.0014485368,L
0.00036868986,M
0.9834952,PoseBad
