Probability,Class
0.00031870644,A
0.00037152178,B
0.0003258918,C
0.0008123888,D
0.0001823254,E
0.000105705665,G
0.00024277097,H
4.1215822e-05,I
6.352089e-05,J
0.00011645447,K
0.00011098966,L
0.00015225056,M
0.99715626,PoseBad
