Probability,Class
0.00030864566,A
0.0009372091,B
6.2396226e-05,C
0.00011521461,D
0.00034629134,E
0.00085629296,G
0.00030690365,H
0.0007635732,I
0.0004477605,J
0.00075238274,K
7.550196e-05,L
0.0002952105,M
0.9947326,PoseBad
