Probability,Class
4.152345e-05,A
6.156417e-05,B
7.226944e-05,C
0.9991233,D
5.468951e-05,E
6.3411144e-06,G
8.703436e-05,H
7.332356e-05,I
0.00010512033,J
0.00026899,K
3.8535723e-05,L
1.9924557e-05,M
4.7344674e-05,PoseBad
