Probability,Class
0.9752337,A
0.0005277294,B
0.0001602237,C
0.0008183324,D
0.000104909246,E
0.00020015055,G
0.0001077085,H
0.00020939142,I
0.0006309039,J
0.00032405733,K
0.00018006671,L
9.220162e-05,M
0.02141048,PoseBad
