Probability,Class
0.0025487982,A
0.00016620204,B
0.00047887806,C
0.0002724589,D
0.00016425319,E
0.00015338842,G
0.00030277038,H
0.00050773914,I
0.00011505465,J
0.00011968058,K
8.070454e-05,L
0.000115381874,M
0.99497473,PoseBad
