Probability,Class
0.99766976,A
9.5535725e-05,B
6.626749e-05,C
0.00027401102,D
3.687627e-05,E
0.00017599078,G
2.4444564e-05,H
3.488839e-05,I
0.00023902376,J
0.000353279,K
4.1251875e-05,L
2.6742458e-05,M
0.00096181635,PoseBad
