Probability,Class
0.0005452999,A
0.12454056,B
0.00019776859,C
0.00011938768,D
0.0007816143,E
0.00045725048,G
0.0008935066,H
0.00019116416,I
0.00043380633,J
0.0023665705,K
0.00043627154,L
0.00015462782,M
0.86888206,PoseBad
