Probability,Class
6.6798064e-05,A
0.00037677845,B
1.8389765e-05,C
5.6493303e-05,D
5.002357e-05,E
2.8088618e-06,G
0.00013421477,H
7.697511e-06,I
9.052321e-05,J
1.3472832e-05,K
0.00013462178,L
3.9724808e-05,M
0.9990085,PoseBad
