Probability,Class
5.2504263e-05,A
0.0031647175,B
0.0010590946,C
0.00059909397,D
0.00015739334,E
0.001999993,G
0.00017701864,H
0.00028797676,I
4.100447e-05,J
0.00027287906,K
0.00038154505,L
0.0007822482,M
0.9910245,PoseBad
