Probability,Class
0.00035528076,A
0.00086860114,B
0.00034179774,C
0.013028702,D
0.012618214,E
0.00016547849,G
0.040699903,H
0.0016498605,I
0.0012319632,J
0.0007088475,K
0.023477599,L
0.00024913292,M
0.9046045,PoseBad
