Probability,Class
0.003796042,A
0.00076747965,B
0.02754076,C
0.0046680025,D
0.0026383372,E
0.43219447,G
0.08228174,H
0.0073319483,I
0.0014558774,J
0.07285428,K
0.00035489624,L
0.004583602,M
0.35953245,PoseBad
