Probability,Class
0.004863132,A
0.00047271448,B
0.00014037565,C
0.002323486,D
0.015832193,E
0.0067898976,G
0.0009886428,H
0.0032686116,I
0.00053365534,J
0.012163415,K
0.00031564556,L
0.002292455,M
0.9500159,PoseBad
