Probability,Class
0.04712377,A
0.10100934,B
0.00033177616,C
0.002187485,D
0.0009769246,E
0.00717178,G
0.0019230503,H
0.0010543166,I
0.0036599804,J
0.0018254007,K
0.0013210693,L
0.00084300287,M
0.830572,PoseBad
