Probability,Class
0.0022727386,A
0.00062981644,B
0.00019711697,C
0.00039537367,D
0.0039424524,E
0.027868537,G
5.7353645e-05,H
0.00078471756,I
0.0002610497,J
0.00033637093,K
8.28883e-05,L
0.00019498462,M
0.96297663,PoseBad
