Probability,Class
0.0018314997,A
0.49698135,B
0.0019320026,C
0.0013506035,D
0.00074766524,E
0.0050177565,G
0.0009858656,H
0.009219355,I
0.0011711804,J
0.00012296136,K
0.00034249513,L
0.014010969,M
0.46628633,PoseBad
