Probability,Class
0.00013543696,A
0.00018548478,B
0.00061584864,C
0.0005321039,D
0.00023770698,E
0.0017319133,G
0.991398,H
0.00025836754,I
0.0014549886,J
0.0005262336,K
0.0008365993,L
0.00089502835,M
0.0011922495,PoseBad
