Probability,Class
0.0040689087,A
0.0026444704,B
0.019588737,C
0.0023749864,D
0.014321912,E
0.3702094,G
0.06733185,H
0.035635486,I
0.00032917352,J
0.17053758,K
0.0066800895,L
0.007591253,M
0.29868615,PoseBad
