Probability,Class
0.0011552396,A
0.0015865394,B
0.0002463356,C
8.7461536e-05,D
0.0004247956,E
0.0018426932,G
4.194758e-05,H
0.00014277548,I
0.0008621893,J
6.9812595e-05,K
7.553589e-05,L
0.00057628634,M
0.9928884,PoseBad
