Probability,Class
0.0010564004,A
0.00046871515,B
2.9998524e-05,C
0.00045263712,D
0.0011014156,E
0.00019329246,G
0.00013926503,H
0.00014391344,I
0.00022585187,J
0.00074856763,K
2.6521744e-05,L
2.2837263e-05,M
0.99539065,PoseBad
