Probability,Class
0.0008324068,A
0.0030746893,B
0.00079193886,C
0.0016444054,D
0.00030416672,E
0.0031180494,G
0.004208883,H
0.00092688674,I
0.00014787487,J
0.0047296565,K
0.0009381333,L
0.021761524,M
0.9575213,PoseBad
