Probability,Class
0.00290815,A
0.0020782677,B
0.0009984736,C
0.00295869,D
0.0009659416,E
0.0022071162,G
0.0008757277,H
0.0003645076,I
0.0014073278,J
0.00020487174,K
0.00019390912,L
0.0013104721,M
0.9835265,PoseBad
