Probability,Class
0.0012890093,A
0.41777092,B
0.019511776,C
0.005242555,D
0.00028068776,E
0.002624263,G
0.0127488375,H
0.010360222,I
0.023949172,J
0.007921779,K
0.019617341,L
0.09861483,M
0.38006857,PoseBad
