Probability,Class
0.00026792218,A
0.00056652987,B
0.00024755934,C
0.00049284636,D
0.00013045796,E
0.0019433333,G
0.98891956,H
0.00029703352,I
0.0018873472,J
0.00081502413,K
0.0002368578,L
0.00047130973,M
0.003724209,PoseBad
