Probability,Class
0.00015629784,A
7.929042e-05,B
0.000107865,C
0.000637968,D
7.2416035e-05,E
0.00043727155,G
0.9960454,H
0.00015168148,I
0.0005429385,J
0.00032895006,K
0.00021064452,L
0.00043522482,M
0.00079404464,PoseBad
