Probability,Class
0.006007525,A
0.0013747094,B
0.00044402087,C
0.0004634901,D
0.00209218,E
0.003525462,G
0.0021141707,H
0.0019262877,I
0.0065754624,J
0.00044444454,K
0.0009712002,L
0.00081181334,M
0.9732493,PoseBad
