Probability,Class
0.00017780004,A
0.025859814,B
0.00044843025,C
0.00018926896,D
0.00010703808,E
6.505494e-05,G
7.82149e-05,H
0.00014369453,I
0.00016366622,J
0.000116412666,K
5.799304e-05,L
0.00013227099,M
0.9724603,PoseBad
