Probability,Class
1.6263592e-05,A
0.00022756151,B
3.3381097e-05,C
2.9172823e-05,D
0.00029766271,E
0.00090646214,G
8.5342435e-06,H
0.00022487367,I
2.1762787e-06,J
0.0007172306,K
9.619727e-06,L
2.344035e-05,M
0.9975037,PoseBad
