Probability,Class
0.007429282,A
0.0010926331,B
0.00093728054,C
0.000333159,D
0.00084157014,E
0.03440141,G
0.0005015143,H
0.00674281,I
0.000105109924,J
0.011779346,K
0.00010221226,L
0.0002707809,M
0.9354629,PoseBad
