Probability,Class
0.010062234,A
0.0016557834,B
7.502732e-05,C
6.3398606e-05,D
7.18438e-05,E
0.0001965203,G
0.00010559137,H
0.00012925055,I
0.0004967286,J
9.084446e-05,K
0.00018434193,L
0.0002296162,M
0.9866389,PoseBad
