Probability,Class
0.0002948304,A
0.07954486,B
0.00020888292,C
0.00022949332,D
0.0011635536,E
0.00028540427,G
0.0020325875,H
0.0012943504,I
0.00091281615,J
0.00087102223,K
0.00050474086,L
0.00068971084,M
0.9119678,PoseBad
