Probability,Class
0.0013234189,A
0.0038649181,B
0.00096540706,C
0.00026757453,D
0.0015681906,E
0.00043042263,G
0.0029253599,H
0.00042460757,I
0.017161572,J
0.0018859725,K
0.0006882127,L
0.00091334933,M
0.967581,PoseBad
