Probability,Class
0.0034436202,A
0.000106415304,B
0.00037455242,C
0.00051992125,D
0.00094103755,E
0.019545473,G
0.00048086877,H
0.00042957533,I
5.545237e-05,J
0.0031977245,K
2.1003892e-05,L
0.00014538327,M
0.970739,PoseBad
