Probability,Class
0.00066144764,A
0.0010619913,B
3.8136426e-05,C
0.00016784701,D
0.0017039181,E
0.021704268,G
0.0007185985,H
0.0004302696,I
0.00024114575,J
0.0002861839,K
0.00018597904,L
4.282861e-05,M
0.9727572,PoseBad
