Probability,Class
0.00042447133,A
0.00066629064,B
0.00092563714,C
0.0003036056,D
0.001049843,E
0.0025621194,G
0.0031571344,H
0.00040872916,I
0.004762439,J
0.00064759806,K
0.0015321126,L
0.000120137614,M
0.9834398,PoseBad
