Probability,Class
0.00020289418,A
0.0004016893,B
0.002159474,C
0.00030268644,D
0.0017958318,E
0.024257991,G
0.0017419358,H
0.00056623964,I
0.0025121628,J
0.00088595605,K
0.0024282534,L
0.00026645834,M
0.96247846,PoseBad
