Probability,Class
0.005163733,A
0.05173457,B
0.00077972526,C
0.0021585966,D
0.0011075918,E
0.010630225,G
0.00040435378,H
0.0015062055,I
0.0027229378,J
0.00070902606,K
0.004776323,L
0.00040263007,M
0.9179042,PoseBad
