Probability,Class
0.00056907185,A
0.00086411886,B
0.00012736944,C
0.00028136087,D
0.00033233847,E
0.0022060378,G
0.01281914,H
0.00067783595,I
0.00022412372,J
0.00106091,K
0.00020691913,L
0.0006686276,M
0.9799621,PoseBad
