Probability,Class
0.00277672,A
0.012181391,B
0.0063185436,C
0.003446079,D
0.008092148,E
0.014926419,G
0.70829695,H
0.013052657,I
0.027491627,J
0.006035099,K
0.0159725,L
0.0047336323,M
0.17667623,PoseBad
