Probability,Class
0.0022205473,A
0.001453492,B
0.00016664765,C
4.7721267e-05,D
0.00033423572,E
0.001557236,G
0.0013302454,H
0.00024096674,I
0.00012718778,J
0.0017649126,K
4.559579e-05,L
8.739255e-05,M
0.9906238,PoseBad
