Probability,Class
0.001213174,A
0.0020642602,B
0.001483595,C
0.0042957296,D
0.8380718,E
0.024047412,G
0.01337994,H
0.00084655645,I
0.016656136,J
0.0017458256,K
0.008876562,L
0.0004723476,M
0.08684671,PoseBad
