Probability,Class
0.017050745,A
0.009431999,B
0.00059647154,C
0.00041903983,D
0.0013552234,E
0.004579512,G
0.003284914,H
0.00049089635,I
0.0080815535,J
0.00037427287,K
0.00027293278,L
0.0012884331,M
0.952774,PoseBad
