Probability,Class
5.6327422e-05,A
0.1481819,B
4.1508847e-05,C
3.8105376e-05,D
0.00025758476,E
9.1040994e-05,G
0.00018958654,H
0.00027454217,I
0.00016100454,J
0.00024089907,K
0.0007440154,L
8.593396e-05,M
0.8496376,PoseBad
