Probability,Class
0.003091607,A
0.0009601453,B
8.328258e-05,C
0.00033938373,D
0.00012307557,E
7.8423356e-05,G
0.00012238199,H
0.0009687451,I
0.00020429381,J
0.00010884287,K
8.910122e-05,L
0.0002972429,M
0.9935335,PoseBad
