Probability,Class
6.914467e-05,A
1.4973863e-05,B
1.7241222e-05,C
2.3432658e-05,D
4.5653094e-05,E
9.790119e-06,G
1.5043368e-05,H
4.763853e-06,I
0.000113202484,J
1.3221295e-05,K
1.7917078e-05,L
2.2802451e-05,M
0.99963284,PoseBad
