Probability,Class
0.005377223,A
0.24218684,B
0.004552646,C
0.0010523965,D
0.0011384123,E
0.05157586,G
0.058693502,H
0.0040382436,I
0.0013934372,J
0.03457653,K
0.00036374497,L
0.011838585,M
0.5832127,PoseBad
