Probability,Class
0.00048813433,A
4.4866236e-05,B
0.00059131667,C
0.00012758549,D
0.00019941128,E
0.013898535,G
0.0030986574,H
0.00039388885,I
0.00020428392,J
0.000786574,K
3.788805e-06,L
0.0004063504,M
0.97975665,PoseBad
