Probability,Class
5.5209548e-05,A
0.0010376209,B
3.2737786e-05,C
2.269106e-05,D
0.0007231717,E
0.00028248355,G
7.3348645e-05,H
0.0008837421,I
0.00035141903,J
0.00049213483,K
0.00035659428,L
3.5670655e-05,M
0.99565315,PoseBad
