Probability,Class
0.0018048047,A
0.0051770546,B
0.0018550497,C
0.00022020334,D
0.00012442094,E
0.0023387123,G
0.0014846436,H
0.00040221278,I
0.007317574,J
0.0009982702,K
0.00013555962,L
0.004169305,M
0.9739721,PoseBad
