Probability,Class
0.0010870765,A
0.005204926,B
0.0005551661,C
0.00046595198,D
0.00028238236,E
0.00043654724,G
0.0006946413,H
0.00032615248,I
0.0063496204,J
5.842859e-05,K
0.0001992259,L
0.00019610484,M
0.98414373,PoseBad
