Probability,Class
0.029844781,A
0.035077047,B
0.0025567422,C
0.002370309,D
0.00075299887,E
0.0011407387,G
0.009660803,H
0.00065971044,I
0.00711516,J
0.0012019841,K
0.0038753557,L
0.0022947239,M
0.90344965,PoseBad
