Probability,Class
0.00024652752,A
0.00011224283,B
0.0011064265,C
0.00036239048,D
0.9594232,E
0.0035552832,G
0.0016540423,H
0.00017343093,I
0.0012051658,J
0.00061067723,K
0.001770539,L
0.00027229692,M
0.029507775,PoseBad
