Probability,Class
0.0012118346,A
0.031041833,B
0.0010130014,C
0.0074095596,D
0.0011280029,E
0.0074990606,G
0.016090384,H
0.0032696205,I
0.00163631,J
0.00047649292,K
0.0006730161,L
0.0039619273,M
0.92458886,PoseBad
