Probability,Class
0.00022225219,A
0.09921399,B
0.00017973762,C
0.00016802478,D
0.0011060121,E
0.0005930742,G
0.0007881839,H
0.00015045679,I
0.00019376307,J
0.00027061597,K
0.0016431778,L
0.00040437764,M
0.8950663,PoseBad
