Probability,Class
0.00048199185,A
0.797943,B
3.266196e-05,C
4.056427e-05,D
0.00019903337,E
0.00015421686,G
0.00078577315,H
8.280527e-05,I
0.00026282854,J
0.0015438322,K
8.7879926e-05,L
0.00013726055,M
0.19824816,PoseBad
