Probability,Class
0.00070122944,A
0.78051716,B
0.007974823,C
0.0029985292,D
0.00037343288,E
0.0034139983,G
0.03136378,H
0.010419402,I
0.015722359,J
0.012784754,K
0.019329565,L
0.020680146,M
0.09372082,PoseBad
