Probability,Class
0.00029009776,A
0.00038447033,B
0.00028729913,C
2.7259845e-05,D
0.00017480599,E
0.00037100108,G
0.0010402616,H
0.00025749937,I
0.03411342,J
0.0002805189,K
0.00050129637,L
8.813603e-05,M
0.9621839,PoseBad
