Probability,Class
0.00051044626,A
0.004929673,B
0.00011214122,C
0.00022423187,D
9.11893e-05,E
0.0004555108,G
0.00014581809,H
0.0012023381,I
0.00020963009,J
8.464856e-05,K
8.930239e-05,L
0.0050824243,M
0.98686266,PoseBad
