Probability,Class
0.0010330119,A
0.004048857,B
0.0002157843,C
0.00022295976,D
0.0013770811,E
0.0010761521,G
0.00076058565,H
0.0015924751,I
0.00022632383,J
0.00022578832,K
0.00035562535,L
0.00025890215,M
0.9886065,PoseBad
