Probability,Class
0.00036902967,A
0.036118418,B
5.689281e-05,C
3.7225847e-05,D
0.0002198625,E
0.00015369031,G
0.00011684885,H
6.838646e-05,I
0.00027359853,J
0.000677468,K
0.00018968215,L
0.00017500321,M
0.9615439,PoseBad
