Probability,Class
2.5805439e-05,A
6.9950845e-05,B
0.0002692024,C
0.00010638832,D
8.389357e-05,E
0.00029516118,G
0.0011128251,H
0.0007840006,I
0.00094300235,J
1.9309307e-05,K
6.9375087e-06,L
2.0853384e-05,M
0.9962627,PoseBad
