Probability,Class
0.9994511,A
9.097701e-05,B
2.8178929e-05,C
7.121091e-05,D
1.4067157e-05,E
2.0455982e-05,G
1.7155235e-05,H
1.1651444e-05,I
2.810791e-05,J
0.00011570583,K
1.2139364e-05,L
1.0273521e-05,M
0.00012905887,PoseBad
