Probability,Class
0.00024460797,A
0.013371558,B
0.0007458653,C
0.00016047874,D
0.00024626,E
0.00051519973,G
0.0011715865,H
0.001931476,I
0.00045037043,J
0.00061369856,K
8.3936175e-05,L
0.0015267287,M
0.97893834,PoseBad
