Probability,Class
0.00013374082,A
0.00043644113,B
0.00043462997,C
0.00024529058,D
0.00037247007,E
0.006175747,G
0.0014227034,H
0.0012744266,I
0.00048524942,J
0.00058123766,K
6.587331e-06,L
0.00063922914,M
0.9877922,PoseBad
