Probability,Class
0.14809918,A
0.021899153,B
0.0015074731,C
0.0007190346,D
0.00072679255,E
0.0014215354,G
0.0013560156,H
0.0019087692,I
0.004027063,J
0.0011513332,K
0.00044570104,L
0.0012904815,M
0.81544733,PoseBad
