Probability,Class
0.0002403401,A
2.68944e-05,B
2.5863648e-05,C
0.0003127042,D
0.0012591144,E
0.00017120875,G
0.00023004561,H
6.3192834e-05,I
5.205736e-05,J
6.4056985e-05,K
0.0003547638,L
0.00017976212,M
0.99701995,PoseBad
