Probability,Class
0.00040141138,A
0.00013282667,B
0.0011934147,C
0.00071975857,D
0.0011548284,E
0.0031878063,G
0.9826508,H
0.0009950607,I
0.0024735036,J
0.00075752573,K
0.00018614136,L
0.0012231998,M
0.004923716,PoseBad
