Probability,Class
0.0012277936,A
0.001420527,B
0.00020615994,C
0.0032280348,D
0.0012641503,E
0.00087543466,G
0.0005349177,H
0.0030656985,I
0.0008569231,J
0.0033711528,K
0.00035881967,L
0.0015133073,M
0.9820771,PoseBad
