Probability,Class
0.0005192551,A
0.06964038,B
0.00012991793,C
0.00018776908,D
0.00012932593,E
0.00037600656,G
0.00025983548,H
0.00011645601,I
0.00041850962,J
0.00020165095,K
0.00023509534,L
0.00012457001,M
0.92766124,PoseBad
