Probability,Class
0.0007266735,A
0.025997309,B
0.00076237024,C
0.002993442,D
0.0009015087,E
0.0025367038,G
0.011293405,H
0.0008981615,I
0.00041649,J
0.000114046125,K
0.00032127733,L
0.00602693,M
0.9470116,PoseBad
