Probability,Class
0.008438539,A
0.0021522583,B
0.00020856643,C
0.00012037584,D
0.0010290074,E
0.0025822802,G
0.002704683,H
0.00074159884,I
0.009513636,J
0.00028989243,K
0.00014757803,L
0.0009516172,M
0.97111994,PoseBad
