Probability,Class
0.000589041,A
0.02132619,B
0.0005316507,C
0.0050587268,D
0.0012394106,E
0.00055913813,G
0.000405205,H
0.00022978142,I
0.00022270819,J
0.0001770343,K
0.0025066992,L
0.0007485706,M
0.96640587,PoseBad
