Probability,Class
0.0004062641,A
0.007549726,B
0.00059047807,C
0.0021752159,D
0.001659802,E
0.0004984884,G
0.00080962945,H
0.0014704317,I
0.002661695,J
0.00038131565,K
0.0004485891,L
0.00033764704,M
0.98101074,PoseBad
