Probability,Class
0.0010858579,A
0.00082334044,B
0.001263796,C
0.00047335168,D
0.008878088,E
0.0036965476,G
0.0017465336,H
0.000770818,I
0.065582216,J
0.001360779,K
0.0024494093,L
0.00021351183,M
0.91165566,PoseBad
