Probability,Class
0.00077559316,A
0.0020905219,B
5.532956e-05,C
0.00010791642,D
0.0001025071,E
0.00011535333,G
0.00024686515,H
3.510644e-05,I
0.0002868253,J
4.4289107e-05,K
0.00013731507,L
1.7956987e-05,M
0.99598444,PoseBad
