Probability,Class
7.329778e-06,A
4.7817954e-05,B
0.00011608194,C
8.193793e-05,D
6.3427746e-05,E
0.00019898816,G
0.00088615506,H
5.8266163e-05,I
5.636922e-05,J
1.716574e-05,K
6.6103057e-06,L
0.00011479258,M
0.998345,PoseBad
