Probability,Class
0.00017571515,A
0.00019397656,B
9.5249015e-05,C
0.00032355663,D
6.181214e-05,E
0.0005710205,G
0.99474406,H
0.00014353919,I
0.00096455554,J
0.0003143711,K
0.00018906433,L
0.00050916005,M
0.0017138515,PoseBad
