Probability,Class
0.025643103,A
0.056744922,B
0.030721437,C
0.009435058,D
0.0041196155,E
0.029426325,G
0.08575799,H
0.005686956,I
0.00090050936,J
0.056770593,K
0.00061138556,L
0.020692604,M
0.6734895,PoseBad
