Probability,Class
0.00016134814,A
0.0013409324,B
0.0001299385,C
5.5950382e-05,D
0.00020378041,E
7.081781e-05,G
7.01943e-05,H
0.00015189206,I
6.6391635e-06,J
9.215558e-05,K
9.5977084e-05,L
0.00010734234,M
0.99751294,PoseBad
