Probability,Class
0.3657649,A
0.0013044466,B
0.00031818217,C
0.0004117848,D
7.5325384e-05,E
0.0016608805,G
0.0005306165,H
8.666253e-05,I
0.00034308905,J
0.00037262053,K
0.00015966456,L
0.000120051714,M
0.62885183,PoseBad
