Probability,Class
0.0003406605,A
0.03696374,B
0.00023186773,C
6.96609e-05,D
0.0001013358,E
0.0005567631,G
0.0003352229,H
0.00016613357,I
0.00035825148,J
0.0003696735,K
0.0001112051,L
0.00022677772,M
0.9601687,PoseBad
