Probability,Class
0.0007525858,A
0.001343887,B
0.00022168341,C
0.00017007807,D
0.0008667172,E
0.00059377094,G
3.783882e-05,H
0.00043315926,I
0.0026327542,J
0.00053394353,K
0.0007522027,L
0.00016835217,M
0.99149305,PoseBad
