Probability,Class
0.0055782846,A
0.25460845,B
0.0016201462,C
0.005820868,D
0.0015722109,E
0.000120454286,G
0.0023515911,H
0.00013769304,I
0.0001175592,J
0.004834509,K
0.0033184278,L
0.0014426977,M
0.7184771,PoseBad
