Probability,Class
0.0065603107,A
0.36480722,B
0.038382657,C
0.00036180776,D
0.038422972,E
0.03633283,G
0.10529736,H
0.009810739,I
0.005376241,J
0.0064456286,K
0.01814622,L
0.031566434,M
0.33848947,PoseBad
