Probability,Class
0.00053291797,A
0.00084015005,B
0.00031660157,C
0.0006219957,D
0.0003120512,E
0.003639552,G
0.9827738,H
0.00053614477,I
0.0015340068,J
0.0013258831,K
0.0003064332,L
0.0016851072,M
0.005575457,PoseBad
