Probability,Class
0.99710697,A
0.00033058508,B
6.912674e-05,C
0.00034018676,D
1.3497411e-05,E
5.626985e-05,G
0.000116851865,H
3.336095e-05,I
0.00013096789,J
0.00015450107,K
2.9927785e-05,L
5.3496184e-05,M
0.00156434,PoseBad
