Probability,Class
0.00024193716,A
0.0003604836,B
0.00037629995,C
9.872871e-05,D
0.00029412835,E
0.0005807287,G
0.00017813963,H
0.0006120943,I
0.000892571,J
0.0003711053,K
0.00023383542,L
8.1083635e-05,M
0.99567896,PoseBad
