Probability,Class
0.0019191302,A
0.012482947,B
0.00018421655,C
0.000537094,D
0.00023264001,E
7.594383e-05,G
0.00037728896,H
5.213389e-05,I
9.73344e-05,J
8.896796e-05,K
0.00010646446,L
0.00023721531,M
0.98360866,PoseBad
