Probability,Class
0.00027174843,A
4.023598e-05,B
3.6890404e-05,C
2.9521698e-05,D
0.00015323449,E
0.00016340063,G
3.21878e-05,H
0.00015500338,I
1.3530875e-05,J
9.7454824e-05,K
4.1540574e-05,L
7.891131e-05,M
0.9988863,PoseBad
