Probability,Class
2.9136854e-05,A
0.0015802776,B
0.00019698527,C
0.00018581095,D
0.00012960653,E
0.001713097,G
0.00028798706,H
0.00013364165,I
1.8845098e-05,J
0.0004439335,K
8.8598574e-07,L
0.00047661894,M
0.99480313,PoseBad
