Probability,Class
0.00091279735,A
0.0025184702,B
0.0020756288,C
0.002980713,D
0.0010684931,E
0.0005348264,G
0.0011059234,H
0.002060779,I
0.00021884771,J
0.00047758903,K
0.00050460803,L
0.0025832688,M
0.9829579,PoseBad
