Probability,Class
0.010831187,A
0.0032702358,B
0.00025191598,C
0.0004436847,D
0.0005467078,E
0.0008961066,G
0.00084022136,H
0.00042431007,I
0.001980628,J
0.0026841364,K
0.00015706947,L
0.00023570961,M
0.97743803,PoseBad
