Probability,Class
0.0006102954,A
0.0016677993,B
0.00024658948,C
0.00024298398,D
0.00092514115,E
0.01052859,G
0.0644934,H
0.0012910494,I
0.0006407865,J
0.0023378844,K
0.00038695135,L
0.0008343582,M
0.9157942,PoseBad
