Probability,Class
0.024030646,A
0.07682937,B
0.0003197264,C
0.00029169762,D
0.00026343466,E
0.00517818,G
0.006506793,H
0.000266406,I
0.0021858984,J
0.00067000976,K
4.6545607e-05,L
0.0017130726,M
0.8816983,PoseBad
