Probability,Class
0.0012277177,A
0.0044400143,B
0.0011188689,C
0.00036544944,D
0.005030715,E
0.0026822805,G
4.4355802e-05,H
0.0039866795,I
0.0002532999,J
0.020875048,K
0.0005924955,L
0.00068789726,M
0.9586951,PoseBad
