Probability,Class
0.00029129314,A
0.008524463,B
6.834117e-05,C
4.4115295e-05,D
0.000112790374,E
6.3813044e-05,G
3.4889716e-05,H
3.3763423e-05,I
0.0002660843,J
0.00022052473,K
9.733158e-05,L
0.0001772703,M
0.9900653,PoseBad
