Probability,Class
0.00067787035,A
0.0075640655,B
2.7964565e-05,C
0.0002598903,D
0.003196573,E
0.0120550115,G
0.0005327083,H
0.00021422445,I
0.00019145774,J
0.0014205534,K
0.00051102013,L
0.00013166142,M
0.973217,PoseBad
