Probability,Class
9.0800684e-05,A
5.211898e-05,B
0.00011774206,C
5.008172e-05,D
0.00045816175,E
0.0005644738,G
3.810874e-05,H
0.00014864658,I
7.005925e-06,J
0.00041884868,K
4.818e-06,L
0.00017255131,M
0.9978765,PoseBad
