Probability,Class
0.0018987064,A
0.00692093,B
0.002432548,C
0.00072438404,D
0.005075988,E
0.0013438719,G
0.0018482188,H
0.0079386085,I
0.00084227143,J
0.00049870776,K
0.0108769685,L
0.0027362132,M
0.9568625,PoseBad
