Probability,Class
0.0044540763,A
0.0006956654,B
0.000438676,C
0.00019186937,D
0.00023646296,E
0.0010417143,G
0.0004746531,H
0.0002846022,I
0.00047440466,J
2.4183802e-05,K
0.00037403582,L
0.00033599592,M
0.99097353,PoseBad
