Probability,Class
0.00027249078,A
0.00011009707,B
7.845377e-05,C
0.0002656032,D
0.00031932804,E
0.00088713155,G
0.0005389738,H
0.00040675807,I
4.9389888e-05,J
0.00031217458,K
6.514388e-05,L
0.000996662,M
0.99569774,PoseBad
