Probability,Class
0.0017339641,A
0.0005615288,B
0.006596643,C
0.00036510566,D
0.0011804794,E
0.79675114,G
0.04185205,H
0.002765658,I
0.00019674205,J
0.0094282,K
0.001991852,L
0.001570637,M
0.135006,PoseBad
