Probability,Class
0.0002851347,A
0.00038735426,B
0.00019316596,C
2.6726766e-05,D
3.4186174e-05,E
0.00043065514,G
0.0002386658,H
8.170392e-05,I
8.9746005e-05,J
0.00017412788,K
1.4013503e-05,L
2.4245117e-05,M
0.9980204,PoseBad
