Probability,Class
0.000776413,A
0.0027839576,B
0.00049758406,C
0.0005197455,D
0.0005018785,E
0.00058292266,G
0.00027103804,H
0.002020731,I
0.0003381307,J
0.0006992743,K
0.0006146579,L
0.00017719645,M
0.9902165,PoseBad
