Probability,Class
0.0066365786,A
0.00068848574,B
0.00074249355,C
0.0014701948,D
0.008130221,E
0.015991822,G
0.0005145141,H
0.0033554758,I
0.00019715921,J
0.015483029,K
0.00019220909,L
0.0006300571,M
0.94596773,PoseBad
